BACIA;RIO;ESTADO;MUNICIPIO;RESPONSAVEL;OPERADORA;OPERADORA_UNIDADE;ROTEIRO;TIPOESTACAO;CODIGO;NOME;LATITUDE;LONGITUDE;AREADRENAGEM;OPERANDO;TIPOESTACAOESCALA;TIPOESTACAOREGISTRADORNIVEL;TIPOESTACAODESCLIQUIDA;TIPOESTACAOSEDIMENTOS;TIPOESTACAOQUALAGUA;TIPOESTACAOTELEMETRICA;TIPOESTACAOPLUVIOMETRO;TIPOESTACAOREGISTRADORCHUVA;TIPOESTACAOTANQUEEVAPO;TIPOESTACAOCLIMATOLOGICA;TIPOREDEBASICA;TIPOREDEENERGETICA;TIPOREDENAVEGACAO;TIPOREDECURSODAGUA;TIPOREDEESTRATEGICA;TIPOREDECAPTACAO;TIPOREDESEDIMENTOS;TIPOREDEQUALAGUA;TIPOREDECLASSEVAZAO;PERIODOESCALAINICIO;PERIODOREGISTRADORNIVELINICIO;PERIODODESCLIQUIDAINICIO;PERIODOSEDIMENTOSINICIO;PERIODOQUALAGUAINICIO;PERIODOPLUVIOMETROINICIO;PERIODOREGISTRADORCHUVAINICIO;PERIODOTANQUEEVAPOINICIO;PERIODOCLIMATOLOGICAINICIO;PERIODOTELEMETRICAINICIO;Baixar Dados;Baixar MDB (Convencional);Baixar TXT (Convencional);Baixar CSV (Convencional);x;y
6 - RIO PARANÁ;;MT;DIAMANTINO;INMET;INMET;;;Pluviométrica;1456005;DIAMANTINO;-14.4058;-56.4464;;Sim;Não;Não;Não;Não;Não;Não;Sim;Sim;Sim;Sim;Não;Não;Não;Não;Não;Não;Não;Não;Não;;;;;;31/12/1931;31/12/1931;31/7/1976;31/12/1931;;http://www.snirh.gov.br/hidroweb/serieshistoricas?codigoEstacao=1456005;http://www.snirh.gov.br/hidroweb/rest/api/documento/convencionais?tipo=1&documentos=1456005;http://www.snirh.gov.br/hidroweb/rest/api/documento/convencionais?tipo=2&documentos=1456005;http://www.snirh.gov.br/hidroweb/rest/api/documento/convencionais?tipo=3&documentos=1456005;-56.44639999999998;-14.405799999999942
6 - RIO PARANÁ;;MT;DIAMANTINO;ANA;CPRM;CPRM-GO;22;Pluviométrica;1456009;PARECIS (BR-364);-14.1564;-56.9331;;Sim;Não;Não;Não;Não;Não;Não;Sim;Não;Não;Não;Sim;Não;Não;Não;Não;;Não;Não;Não;;;;;;31/3/1970;;;;;http://www.snirh.gov.br/hidroweb/serieshistoricas?codigoEstacao=1456009;http://www.snirh.gov.br/hidroweb/rest/api/documento/convencionais?tipo=1&documentos=1456009;http://www.snirh.gov.br/hidroweb/rest/api/documento/convencionais?tipo=2&documentos=1456009;http://www.snirh.gov.br/hidroweb/rest/api/documento/convencionais?tipo=3&documentos=1456009;-56.93309999999997;-14.156399999999962
6 - RIO PARANÁ;;MT;GUIRATINGA;ANA;CPRM;CPRM-GO;18;Pluviométrica;1654005;VALE RICO;-16.3911;-54.1494;;Sim;Não;Não;Não;Não;Não;Não;Sim;Não;Não;Não;Sim;Não;Não;Não;Não;;Não;Não;Não;;;;;;31/12/1983;;;;;http://www.snirh.gov.br/hidroweb/serieshistoricas?codigoEstacao=1654005;http://www.snirh.gov.br/hidroweb/rest/api/documento/convencionais?tipo=1&documentos=1654005;http://www.snirh.gov.br/hidroweb/rest/api/documento/convencionais?tipo=2&documentos=1654005;http://www.snirh.gov.br/hidroweb/rest/api/documento/convencionais?tipo=3&documentos=1654005;-54.14939999999996;-16.391099999999938
6 - RIO PARANÁ;;MT;INDIAVAÍ;ANA;CPRM;CPRM-GO;20;Pluviométrica;1558004;ALTO JAURÚ;-15.44;-58.5878;;Sim;Não;Não;Não;Não;Não;Não;Sim;Não;Não;Não;Sim;Não;Não;Não;Não;;Não;Não;Não;;;;;;30/11/1964;;;;;http://www.snirh.gov.br/hidroweb/serieshistoricas?codigoEstacao=1558004;http://www.snirh.gov.br/hidroweb/rest/api/documento/convencionais?tipo=1&documentos=1558004;http://www.snirh.gov.br/hidroweb/rest/api/documento/convencionais?tipo=2&documentos=1558004;http://www.snirh.gov.br/hidroweb/rest/api/documento/convencionais?tipo=3&documentos=1558004;-58.58779999999996;-15.43999999999994
6 - RIO PARANÁ;;MT;INDIAVAÍ;SAJESA;SAJESA;;1;Pluviométrica;1558010;PCH SALTO JUSANTE;-15.2917;-58.7075;;Sim;Não;Não;Não;Não;Não;Sim;Sim;Não;Não;Não;Não;Sim;Não;Não;Não;;Não;Não;Não;;;;;;31/3/2012;;;;31/3/2012;http://www.snirh.gov.br/hidroweb/serieshistoricas?codigoEstacao=1558010;http://www.snirh.gov.br/hidroweb/rest/api/documento/convencionais?tipo=1&documentos=1558010;http://www.snirh.gov.br/hidroweb/rest/api/documento/convencionais?tipo=2&documentos=1558010;http://www.snirh.gov.br/hidroweb/rest/api/documento/convencionais?tipo=3&documentos=1558010;-58.70749999999998;-15.291699999999935
6 - RIO PARANÁ;;MT;INDIAVAÍ;FIGUEIRÓPOLIS;FIGUEIRÓPOLIS;;1;Pluviométrica;1558009;PCH FIGUEIRÓPOLIS BARRAMENTO;-15.3922;-58.6375;;Sim;Não;Não;Não;Não;Não;Sim;Sim;Não;Não;Não;Não;Sim;Não;Não;Não;;Não;Não;Não;;;;;;29/2/2012;;;;29/2/2012;http://www.snirh.gov.br/hidroweb/serieshistoricas?codigoEstacao=1558009;http://www.snirh.gov.br/hidroweb/rest/api/documento/convencionais?tipo=1&documentos=1558009;http://www.snirh.gov.br/hidroweb/rest/api/documento/convencionais?tipo=2&documentos=1558009;http://www.snirh.gov.br/hidroweb/rest/api/documento/convencionais?tipo=3&documentos=1558009;-58.63749999999993;-15.392199999999946
6 - RIO PARANÁ;;MT;ITIQUIRA;ANA;CPRM;CPRM-GO;16;Pluviométrica;1755000;SANTO ANTÔNIO DO PARAÍSO;-17.4917;-55.2322;;Sim;Não;Não;Não;Não;Não;Não;Sim;Não;Não;Não;Sim;Não;Não;Não;Não;;Não;Não;Não;;;;;;28/2/1969;;;;;http://www.snirh.gov.br/hidroweb/serieshistoricas?codigoEstacao=1755000;http://www.snirh.gov.br/hidroweb/rest/api/documento/convencionais?tipo=1&documentos=1755000;http://www.snirh.gov.br/hidroweb/rest/api/documento/convencionais?tipo=2&documentos=1755000;http://www.snirh.gov.br/hidroweb/rest/api/documento/convencionais?tipo=3&documentos=1755000;-55.23219999999998;-17.49169999999998
6 - RIO PARANÁ;;MT;ITIQUIRA;ANA;CPRM;CPRM-GO;18;Pluviométrica;1754000;ITIQUIRA;-17.2078;-54.14;;Sim;Não;Não;Não;Não;Não;Não;Sim;Não;Não;Não;Sim;Não;Não;Não;Não;;Não;Não;Não;;;;;;31/10/1965;;;;;http://www.snirh.gov.br/hidroweb/serieshistoricas?codigoEstacao=1754000;http://www.snirh.gov.br/hidroweb/rest/api/documento/convencionais?tipo=1&documentos=1754000;http://www.snirh.gov.br/hidroweb/rest/api/documento/convencionais?tipo=2&documentos=1754000;http://www.snirh.gov.br/hidroweb/rest/api/documento/convencionais?tipo=3&documentos=1754000;-54.139999999999986;-17.207799999999963
6 - RIO PARANÁ;;MT;ITIQUIRA;ENGIE;ENGIE;;;Pluviométrica;1754015;UHE PONTE DE PEDRA JUSANTE;-17.61;-54.9389;;Sim;Não;Não;Não;Não;Não;Sim;Sim;Não;Não;Não;Não;Sim;Não;Não;Não;;Não;Não;Não;;;;;;31/7/2015;;;;31/7/2015;http://www.snirh.gov.br/hidroweb/serieshistoricas?codigoEstacao=1754015;http://www.snirh.gov.br/hidroweb/rest/api/documento/convencionais?tipo=1&documentos=1754015;http://www.snirh.gov.br/hidroweb/rest/api/documento/convencionais?tipo=2&documentos=1754015;http://www.snirh.gov.br/hidroweb/rest/api/documento/convencionais?tipo=3&documentos=1754015;-54.93889999999993;-17.609999999999957
6 - RIO PARANÁ;;MT;ITIQUIRA;ENGIE;ENGIE;;;Pluviométrica;1754009;UHE PONTE DE PEDRA BARRAMENTO;-17.6075;-54.8272;;Sim;Não;Não;Não;Não;Não;Sim;Sim;Não;Não;Não;Não;Sim;Não;Não;Não;;Não;Não;Não;;;;;;30/6/2005;;;;31/7/2015;http://www.snirh.gov.br/hidroweb/serieshistoricas?codigoEstacao=1754009;http://www.snirh.gov.br/hidroweb/rest/api/documento/convencionais?tipo=1&documentos=1754009;http://www.snirh.gov.br/hidroweb/rest/api/documento/convencionais?tipo=2&documentos=1754009;http://www.snirh.gov.br/hidroweb/rest/api/documento/convencionais?tipo=3&documentos=1754009;-54.82719999999995;-17.60749999999996
6 - RIO PARANÁ;;MT;ITIQUIRA;ITISA;ITISA;;1;Pluviométrica;1754020;UHE ITIQUIRA RIO CACHOEIRA;-17.1244;-54.7239;;Sim;Não;Não;Não;Não;Não;Sim;Sim;Não;Não;Não;Não;Sim;Não;Não;Não;;Não;Não;Não;;;;;;30/11/2014;;;;30/11/2014;http://www.snirh.gov.br/hidroweb/serieshistoricas?codigoEstacao=1754020;http://www.snirh.gov.br/hidroweb/rest/api/documento/convencionais?tipo=1&documentos=1754020;http://www.snirh.gov.br/hidroweb/rest/api/documento/convencionais?tipo=2&documentos=1754020;http://www.snirh.gov.br/hidroweb/rest/api/documento/convencionais?tipo=3&documentos=1754020;-54.72389999999996;-17.12439999999998
6 - RIO PARANÁ;;MT;ITIQUIRA;ITISA;ITISA;;1;Pluviométrica;1754019;UHE ITIQUIRA RIO SOZINHO;-17.2981;-54.76;;Sim;Não;Não;Não;Não;Não;Sim;Sim;Não;Não;Não;Não;Sim;Não;Não;Não;;Não;Não;Não;;;;;;30/11/2014;;;;30/11/2014;http://www.snirh.gov.br/hidroweb/serieshistoricas?codigoEstacao=1754019;http://www.snirh.gov.br/hidroweb/rest/api/documento/convencionais?tipo=1&documentos=1754019;http://www.snirh.gov.br/hidroweb/rest/api/documento/convencionais?tipo=2&documentos=1754019;http://www.snirh.gov.br/hidroweb/rest/api/documento/convencionais?tipo=3&documentos=1754019;-54.759999999999934;-17.298099999999977
6 - RIO PARANÁ;;MT;ITIQUIRA;ITISA;ITISA;;1;Pluviométrica;1754018;UHE ITIQUIRA JUSANTE;-17.0953;-54.9361;;Sim;Não;Não;Não;Não;Não;Sim;Sim;Não;Não;Não;Não;Sim;Não;Não;Não;;Não;Não;Não;;;;;;31/12/2015;;;;31/12/2015;http://www.snirh.gov.br/hidroweb/serieshistoricas?codigoEstacao=1754018;http://www.snirh.gov.br/hidroweb/rest/api/documento/convencionais?tipo=1&documentos=1754018;http://www.snirh.gov.br/hidroweb/rest/api/documento/convencionais?tipo=2&documentos=1754018;http://www.snirh.gov.br/hidroweb/rest/api/documento/convencionais?tipo=3&documentos=1754018;-54.93609999999995;-17.095299999999952
6 - RIO PARANÁ;;MT;ITIQUIRA;ITISA;ITISA;;1;Pluviométrica;1754017;UHE ITIQUIRA MONTANTE;-17.1386;-54.8192;;Sim;Não;Não;Não;Não;Não;Sim;Sim;Não;Não;Não;Não;Sim;Não;Não;Não;;Não;Não;Não;;;;;;31/12/2015;;;;31/12/2015;http://www.snirh.gov.br/hidroweb/serieshistoricas?codigoEstacao=1754017;http://www.snirh.gov.br/hidroweb/rest/api/documento/convencionais?tipo=1&documentos=1754017;http://www.snirh.gov.br/hidroweb/rest/api/documento/convencionais?tipo=2&documentos=1754017;http://www.snirh.gov.br/hidroweb/rest/api/documento/convencionais?tipo=3&documentos=1754017;-54.81919999999997;-17.13859999999994
6 - RIO PARANÁ;;MT;ITIQUIRA;ITISA;ITISA;;1;Pluviométrica;1754016;UHE ITIQUIRA BARRAMENTO;-17.0908;-54.8311;;Sim;Não;Não;Não;Não;Não;Sim;Sim;Não;Não;Não;Não;Sim;Não;Não;Não;;Não;Não;Não;;;;;;31/12/2015;;;;31/12/2015;http://www.snirh.gov.br/hidroweb/serieshistoricas?codigoEstacao=1754016;http://www.snirh.gov.br/hidroweb/rest/api/documento/convencionais?tipo=1&documentos=1754016;http://www.snirh.gov.br/hidroweb/rest/api/documento/convencionais?tipo=2&documentos=1754016;http://www.snirh.gov.br/hidroweb/rest/api/documento/convencionais?tipo=3&documentos=1754016;-54.831099999999935;-17.090799999999945
6 - RIO PARANÁ;;MT;JACIARA;ANA;CPRM;CPRM-GO;18;Pluviométrica;1554006;JACIARA;-15.9889;-54.9683;;Sim;Não;Não;Não;Não;Não;Não;Sim;Não;Não;Não;Sim;Não;Não;Não;Não;;Não;Não;Não;;;;;;31/10/1965;;;;;http://www.snirh.gov.br/hidroweb/serieshistoricas?codigoEstacao=1554006;http://www.snirh.gov.br/hidroweb/rest/api/documento/convencionais?tipo=1&documentos=1554006;http://www.snirh.gov.br/hidroweb/rest/api/documento/convencionais?tipo=2&documentos=1554006;http://www.snirh.gov.br/hidroweb/rest/api/documento/convencionais?tipo=3&documentos=1554006;-54.96829999999994;-15.988899999999944
6 - RIO PARANÁ;;MT;JACIARA;SEMA-MT;HYDROCONSULT;;;Pluviométrica;1554008;RIO SÃO LOURENÇO - SÃO PEDRO DA CIPA;-15.9981;-54.9217;;Sim;Não;Não;Não;Não;Não;Sim;Sim;Não;Não;Não;Não;Não;Não;Não;Não;;Não;Não;Não;;;;;;30/9/2011;;;;30/9/2011;http://www.snirh.gov.br/hidroweb/serieshistoricas?codigoEstacao=1554008;http://www.snirh.gov.br/hidroweb/rest/api/documento/convencionais?tipo=1&documentos=1554008;http://www.snirh.gov.br/hidroweb/rest/api/documento/convencionais?tipo=2&documentos=1554008;http://www.snirh.gov.br/hidroweb/rest/api/documento/convencionais?tipo=3&documentos=1554008;-54.92169999999999;-15.998099999999965
6 - RIO PARANÁ;;MT;JACIARA;PEQUI;PEQUI;;1;Pluviométrica;1555020;PCH PEQUI JUSANTE;-15.9964;-55.0961;;Sim;Não;Não;Não;Não;Não;Sim;Sim;Não;Não;Não;Não;Sim;Não;Não;Não;;Não;Não;Não;;;;;;30/9/2011;;;;30/9/2011;http://www.snirh.gov.br/hidroweb/serieshistoricas?codigoEstacao=1555020;http://www.snirh.gov.br/hidroweb/rest/api/documento/convencionais?tipo=1&documentos=1555020;http://www.snirh.gov.br/hidroweb/rest/api/documento/convencionais?tipo=2&documentos=1555020;http://www.snirh.gov.br/hidroweb/rest/api/documento/convencionais?tipo=3&documentos=1555020;-55.09609999999998;-15.996399999999937
6 - RIO PARANÁ;;MT;JACIARA;JACIARA;JACIARA;;1;Pluviométrica;1555014;PCH CACHOEIRA DA FUMAÇA JUSANTE;-15.9792;-55.0328;;Sim;Não;Não;Não;Não;Não;Sim;Sim;Não;Não;Não;Não;Sim;Não;Não;Não;;Não;Não;Não;;;;;;31/7/2014;;;;31/7/2014;http://www.snirh.gov.br/hidroweb/serieshistoricas?codigoEstacao=1555014;http://www.snirh.gov.br/hidroweb/rest/api/documento/convencionais?tipo=1&documentos=1555014;http://www.snirh.gov.br/hidroweb/rest/api/documento/convencionais?tipo=2&documentos=1555014;http://www.snirh.gov.br/hidroweb/rest/api/documento/convencionais?tipo=3&documentos=1555014;-55.03279999999995;-15.979199999999935
6 - RIO PARANÁ;;MT;JACIARA;CAMBARÁ;CAMBARÁ;;1;Pluviométrica;1555021;CGH CAMBARÁ JUSANTE;-15.9767;-55.0836;;Sim;Não;Não;Não;Não;Não;Sim;Sim;Não;Não;Não;Não;Sim;Não;Não;Não;;Não;Não;Não;;;;;;31/5/2015;;;;31/5/2015;http://www.snirh.gov.br/hidroweb/serieshistoricas?codigoEstacao=1555021;http://www.snirh.gov.br/hidroweb/rest/api/documento/convencionais?tipo=1&documentos=1555021;http://www.snirh.gov.br/hidroweb/rest/api/documento/convencionais?tipo=2&documentos=1555021;http://www.snirh.gov.br/hidroweb/rest/api/documento/convencionais?tipo=3&documentos=1555021;-55.08359999999993;-15.976699999999937
6 - RIO PARANÁ;;MT;JACIARA;EMBAÚBA;EMBAÚBA;;1;Pluviométrica;1555019;CGH EMBAÚBA JUSANTE;-15.9872;-55.0711;;Sim;Não;Não;Não;Não;Não;Sim;Sim;Não;Não;Não;Não;Sim;Não;Não;Não;;Não;Não;Não;;;;;;31/5/2015;;;;31/5/2015;http://www.snirh.gov.br/hidroweb/serieshistoricas?codigoEstacao=1555019;http://www.snirh.gov.br/hidroweb/rest/api/documento/convencionais?tipo=1&documentos=1555019;http://www.snirh.gov.br/hidroweb/rest/api/documento/convencionais?tipo=2&documentos=1555019;http://www.snirh.gov.br/hidroweb/rest/api/documento/convencionais?tipo=3&documentos=1555019;-55.071099999999944;-15.987199999999973
6 - RIO PARANÁ;;MT;JAURU;OMBREIRAS;OMBREIRAS;;;Pluviométrica;1558014;PCH OMBREIRAS JUSANTE;-15.1322;-58.7297;328;Sim;Não;Não;Não;Não;Não;Sim;Sim;Não;Não;Não;Não;Sim;Não;Não;Não;;Não;Não;Não;;;;;;31/3/2015;;;;31/3/2015;http://www.snirh.gov.br/hidroweb/serieshistoricas?codigoEstacao=1558014;http://www.snirh.gov.br/hidroweb/rest/api/documento/convencionais?tipo=1&documentos=1558014;http://www.snirh.gov.br/hidroweb/rest/api/documento/convencionais?tipo=2&documentos=1558014;http://www.snirh.gov.br/hidroweb/rest/api/documento/convencionais?tipo=3&documentos=1558014;-58.72969999999998;-15.132199999999955
6 - RIO PARANÁ;;MT;JAURU;INDIAVAI ENERG;INDIAVAI ENERG;;1;Pluviométrica;1558011;PCH INDIAVAÍ BARRAMENTO;-15.2622;-58.7222;;Sim;Não;Não;Não;Não;Não;Sim;Sim;Não;Não;Não;Não;Sim;Não;Não;Não;;Não;Não;Não;;;;;;30/9/2018;;;;30/9/2018;http://www.snirh.gov.br/hidroweb/serieshistoricas?codigoEstacao=1558011;http://www.snirh.gov.br/hidroweb/rest/api/documento/convencionais?tipo=1&documentos=1558011;http://www.snirh.gov.br/hidroweb/rest/api/documento/convencionais?tipo=2&documentos=1558011;http://www.snirh.gov.br/hidroweb/rest/api/documento/convencionais?tipo=3&documentos=1558011;-58.72219999999999;-15.26219999999995
6 - RIO PARANÁ;;MT;JAURU;CONS.JAURU;CONS.JAURU;;1;Pluviométrica;1558013;UHE JAURU BARRAMENTO;-15.2378;-58.7297;;Sim;Não;Não;Não;Não;Não;Sim;Sim;Não;Não;Não;Não;Sim;Não;Não;Não;;Não;Não;Não;;;;;;31/5/2014;;;;31/5/2014;http://www.snirh.gov.br/hidroweb/serieshistoricas?codigoEstacao=1558013;http://www.snirh.gov.br/hidroweb/rest/api/documento/convencionais?tipo=1&documentos=1558013;http://www.snirh.gov.br/hidroweb/rest/api/documento/convencionais?tipo=2&documentos=1558013;http://www.snirh.gov.br/hidroweb/rest/api/documento/convencionais?tipo=3&documentos=1558013;-58.72969999999998;-15.237799999999936
6 - RIO PARANÁ;;MT;JUSCIMEIRA;GERAOESTE;GERAOESTE;;1;Pluviométrica;1654013;PCH SÃO LOURENÇO RIO AREIAL;-16.045;-54.8867;;Sim;Não;Não;Não;Não;Não;Sim;Sim;Não;Não;Não;Não;Sim;Não;Não;Não;;Não;Não;Não;;;;;;31/7/2015;;;;31/7/2015;http://www.snirh.gov.br/hidroweb/serieshistoricas?codigoEstacao=1654013;http://www.snirh.gov.br/hidroweb/rest/api/documento/convencionais?tipo=1&documentos=1654013;http://www.snirh.gov.br/hidroweb/rest/api/documento/convencionais?tipo=2&documentos=1654013;http://www.snirh.gov.br/hidroweb/rest/api/documento/convencionais?tipo=3&documentos=1654013;-54.88669999999996;-16.04499999999996
6 - RIO PARANÁ;;MT;JUSCIMEIRA;GERAOESTE;GERAOESTE;;1;Pluviométrica;1654012;PCH SÃO LOURENÇO MONTANTE;-16.0394;-54.9397;;Sim;Não;Não;Não;Não;Não;Sim;Sim;Não;Não;Não;Não;Sim;Não;Não;Não;;Não;Não;Não;;;;;;31/7/2015;;;;31/7/2015;http://www.snirh.gov.br/hidroweb/serieshistoricas?codigoEstacao=1654012;http://www.snirh.gov.br/hidroweb/rest/api/documento/convencionais?tipo=1&documentos=1654012;http://www.snirh.gov.br/hidroweb/rest/api/documento/convencionais?tipo=2&documentos=1654012;http://www.snirh.gov.br/hidroweb/rest/api/documento/convencionais?tipo=3&documentos=1654012;-54.93969999999996;-16.039399999999944
6 - RIO PARANÁ;;MT;JUSCIMEIRA;GERAOESTE;GERAOESTE;;1;Pluviométrica;1654011;PCH SÃO LOURENÇO JUSANTE;-16.2189;-54.9431;;Sim;Não;Não;Não;Não;Não;Sim;Sim;Não;Não;Não;Não;Sim;Não;Não;Não;;Não;Não;Não;;;;;;31/7/2015;;;;31/7/2015;http://www.snirh.gov.br/hidroweb/serieshistoricas?codigoEstacao=1654011;http://www.snirh.gov.br/hidroweb/rest/api/documento/convencionais?tipo=1&documentos=1654011;http://www.snirh.gov.br/hidroweb/rest/api/documento/convencionais?tipo=2&documentos=1654011;http://www.snirh.gov.br/hidroweb/rest/api/documento/convencionais?tipo=3&documentos=1654011;-54.94309999999996;-16.218899999999962
6 - RIO PARANÁ;;MT;JUSCIMEIRA;IBÓ;IBÓ;;;Pluviométrica;1655007;PCH SETE QUEDAS ALTAS MONTANTE;-16.2994;-55.0622;;Sim;Não;Não;Não;Não;Não;Sim;Sim;Não;Não;Não;Não;Sim;Não;Não;Não;;Não;Não;Não;;;;;;31/7/2015;;;;31/7/2015;http://www.snirh.gov.br/hidroweb/serieshistoricas?codigoEstacao=1655007;http://www.snirh.gov.br/hidroweb/rest/api/documento/convencionais?tipo=1&documentos=1655007;http://www.snirh.gov.br/hidroweb/rest/api/documento/convencionais?tipo=2&documentos=1655007;http://www.snirh.gov.br/hidroweb/rest/api/documento/convencionais?tipo=3&documentos=1655007;-55.06219999999996;-16.299399999999935
6 - RIO PARANÁ;;MT;JUSCIMEIRA;PRATA;PRATA;;1;Pluviométrica;1655009;PCH ÁGUA PRATA JUSANTE;-16.0964;-55.0425;;Sim;Não;Não;Não;Não;Não;Sim;Sim;Não;Não;Não;Não;Sim;Não;Não;Não;;Não;Não;Não;;;;;;30/6/2017;;;;30/6/2017;http://www.snirh.gov.br/hidroweb/serieshistoricas?codigoEstacao=1655009;http://www.snirh.gov.br/hidroweb/rest/api/documento/convencionais?tipo=1&documentos=1655009;http://www.snirh.gov.br/hidroweb/rest/api/documento/convencionais?tipo=2&documentos=1655009;http://www.snirh.gov.br/hidroweb/rest/api/documento/convencionais?tipo=3&documentos=1655009;-55.04249999999996;-16.09639999999996
6 - RIO PARANÁ;;MT;JUSCIMEIRA;PRATA;PRATA;;1;Pluviométrica;1654016;PCH ÁGUA BRAVA JUSANTE;-16.1039;-54.9908;;Sim;Não;Não;Não;Não;Não;Sim;Sim;Não;Não;Não;Não;Sim;Não;Não;Não;;Não;Não;Não;;;;;;30/6/2018;;;;30/6/2018;http://www.snirh.gov.br/hidroweb/serieshistoricas?codigoEstacao=1654016;http://www.snirh.gov.br/hidroweb/rest/api/documento/convencionais?tipo=1&documentos=1654016;http://www.snirh.gov.br/hidroweb/rest/api/documento/convencionais?tipo=2&documentos=1654016;http://www.snirh.gov.br/hidroweb/rest/api/documento/convencionais?tipo=3&documentos=1654016;-54.99079999999998;-16.103899999999953
6 - RIO PARANÁ;;MT;JUSCIMEIRA;PCH BELEZA;PCH BELEZA;;1;Pluviométrica;1655010;PCH BELEZA BARRAMENTO;-16.1836;-55.0144;;Sim;Não;Não;Não;Não;Não;Sim;Sim;Não;Não;Não;Não;Sim;Não;Não;Não;;Não;Não;Não;;;;;;31/12/2021;;;;31/12/2021;http://www.snirh.gov.br/hidroweb/serieshistoricas?codigoEstacao=1655010;http://www.snirh.gov.br/hidroweb/rest/api/documento/convencionais?tipo=1&documentos=1655010;http://www.snirh.gov.br/hidroweb/rest/api/documento/convencionais?tipo=2&documentos=1655010;http://www.snirh.gov.br/hidroweb/rest/api/documento/convencionais?tipo=3&documentos=1655010;-55.014399999999966;-16.183599999999956
6 - RIO PARANÁ;;MT;LAMBARI D'OESTE;SEMA-MT;HYDROCONSULT;;;Pluviométrica;1557006;FAZENDA SANTA RITA DO SEPOTUBA;-15.2308;-57.6981;;Sim;Não;Não;Não;Não;Não;Sim;Sim;Não;Não;Não;Não;Não;Não;Não;Não;;Não;Não;Não;;;;;;31/7/2011;;;;31/7/2011;http://www.snirh.gov.br/hidroweb/serieshistoricas?codigoEstacao=1557006;http://www.snirh.gov.br/hidroweb/rest/api/documento/convencionais?tipo=1&documentos=1557006;http://www.snirh.gov.br/hidroweb/rest/api/documento/convencionais?tipo=2&documentos=1557006;http://www.snirh.gov.br/hidroweb/rest/api/documento/convencionais?tipo=3&documentos=1557006;-57.698099999999954;-15.230799999999931
6 - RIO PARANÁ;;MT;MIRASSOL D'OESTE;ANA;CPRM;CPRM-GO;20;Pluviométrica;1558001;PONTE CABAÇAL MT-125;-15.4692;-57.8942;;Sim;Não;Não;Não;Não;Não;Não;Sim;Não;Não;Não;Sim;Não;Não;Não;Não;;Não;Não;Não;;;;;;29/2/1972;;;;;http://www.snirh.gov.br/hidroweb/serieshistoricas?codigoEstacao=1558001;http://www.snirh.gov.br/hidroweb/rest/api/documento/convencionais?tipo=1&documentos=1558001;http://www.snirh.gov.br/hidroweb/rest/api/documento/convencionais?tipo=2&documentos=1558001;http://www.snirh.gov.br/hidroweb/rest/api/documento/convencionais?tipo=3&documentos=1558001;-57.894199999999955;-15.469199999999944
6 - RIO PARANÁ;;MT;NOBRES;FURNAS;FURNAS;;1;Pluviométrica;1456004;QUEBÓ;-14.6525;-56.1239;;Sim;Não;Não;Não;Não;Não;Não;Sim;Não;Não;Não;Não;Não;Não;Não;Não;;Não;Não;Não;;;;;;31/7/1972;;;;;http://www.snirh.gov.br/hidroweb/serieshistoricas?codigoEstacao=1456004;http://www.snirh.gov.br/hidroweb/rest/api/documento/convencionais?tipo=1&documentos=1456004;http://www.snirh.gov.br/hidroweb/rest/api/documento/convencionais?tipo=2&documentos=1456004;http://www.snirh.gov.br/hidroweb/rest/api/documento/convencionais?tipo=3&documentos=1456004;-56.123899999999935;-14.652499999999975
6 - RIO PARANÁ;;MT;NORTELÂNDIA;ANA;CPRM;CPRM-GO;22;Pluviométrica;1456003;NORTELÂNDIA;-14.4511;-56.8142;;Sim;Não;Não;Não;Não;Não;Não;Sim;Não;Não;Não;Sim;Não;Não;Não;Não;;Não;Não;Não;;;;;;28/2/1971;;;;;http://www.snirh.gov.br/hidroweb/serieshistoricas?codigoEstacao=1456003;http://www.snirh.gov.br/hidroweb/rest/api/documento/convencionais?tipo=1&documentos=1456003;http://www.snirh.gov.br/hidroweb/rest/api/documento/convencionais?tipo=2&documentos=1456003;http://www.snirh.gov.br/hidroweb/rest/api/documento/convencionais?tipo=3&documentos=1456003;-56.81419999999997;-14.45109999999994
6 - RIO PARANÁ;;MT;NORTELÂNDIA;FIRENZE;FIRENZE;;;Pluviométrica;1456017;PCH SANTANA I JUSANTE;-14.4253;-56.8247;;Sim;Não;Não;Não;Não;Não;Sim;Sim;Não;Não;Não;Não;Sim;Não;Não;Não;;Não;Não;Não;;;;;;28/2/2015;;;;28/2/2015;http://www.snirh.gov.br/hidroweb/serieshistoricas?codigoEstacao=1456017;http://www.snirh.gov.br/hidroweb/rest/api/documento/convencionais?tipo=1&documentos=1456017;http://www.snirh.gov.br/hidroweb/rest/api/documento/convencionais?tipo=2&documentos=1456017;http://www.snirh.gov.br/hidroweb/rest/api/documento/convencionais?tipo=3&documentos=1456017;-56.82469999999995;-14.425299999999936
6 - RIO PARANÁ;;MT;NORTELÂNDIA;CPFL-SUL;CPFL-SUL;;1;Pluviométrica;1456015;PCH DIAMANTE JUSANTE;-14.3456;-56.7964;;Sim;Não;Não;Não;Não;Não;Sim;Sim;Não;Não;Não;Não;Sim;Não;Não;Não;;Não;Não;Não;;;;;;30/11/2012;;;;30/11/2012;http://www.snirh.gov.br/hidroweb/serieshistoricas?codigoEstacao=1456015;http://www.snirh.gov.br/hidroweb/rest/api/documento/convencionais?tipo=1&documentos=1456015;http://www.snirh.gov.br/hidroweb/rest/api/documento/convencionais?tipo=2&documentos=1456015;http://www.snirh.gov.br/hidroweb/rest/api/documento/convencionais?tipo=3&documentos=1456015;-56.79639999999995;-14.345599999999934
6 - RIO PARANÁ;;MT;NORTELÂNDIA;CPFL-SUL;CPFL-SUL;;1;Pluviométrica;1456014;PCH DIAMANTE MONTANTE 1;-14.3272;-56.7494;;Sim;Não;Não;Não;Não;Não;Sim;Sim;Não;Não;Não;Não;Sim;Não;Não;Não;;Não;Não;Não;;;;;;30/11/2012;;;;30/11/2012;http://www.snirh.gov.br/hidroweb/serieshistoricas?codigoEstacao=1456014;http://www.snirh.gov.br/hidroweb/rest/api/documento/convencionais?tipo=1&documentos=1456014;http://www.snirh.gov.br/hidroweb/rest/api/documento/convencionais?tipo=2&documentos=1456014;http://www.snirh.gov.br/hidroweb/rest/api/documento/convencionais?tipo=3&documentos=1456014;-56.74939999999998;-14.327199999999948
6 - RIO PARANÁ;;MT;NORTELÂNDIA;CPFL-SUL;CPFL-SUL;;1;Pluviométrica;1456013;PCH DIAMANTE MONTANTE 2;-14.3153;-56.7269;;Sim;Não;Não;Não;Não;Não;Sim;Sim;Não;Não;Não;Não;Sim;Não;Não;Não;;Não;Não;Não;;;;;;30/11/2012;;;;30/11/2012;http://www.snirh.gov.br/hidroweb/serieshistoricas?codigoEstacao=1456013;http://www.snirh.gov.br/hidroweb/rest/api/documento/convencionais?tipo=1&documentos=1456013;http://www.snirh.gov.br/hidroweb/rest/api/documento/convencionais?tipo=2&documentos=1456013;http://www.snirh.gov.br/hidroweb/rest/api/documento/convencionais?tipo=3&documentos=1456013;-56.726899999999944;-14.31529999999998
6 - RIO PARANÁ;;MT;NOSSA SENHORA DO LIVRAMENTO;ANA;CPRM;CPRM-GO;24;Pluviométrica;1556001;N.S. LIVRAMENTO - BOSQUE F. BARROS;-15.7739;-56.3497;;Sim;Não;Não;Não;Não;Não;Não;Sim;Não;Não;Não;Sim;Não;Não;Não;Não;;Não;Não;Não;;;;;;31/1/1971;;;;;http://www.snirh.gov.br/hidroweb/serieshistoricas?codigoEstacao=1556001;http://www.snirh.gov.br/hidroweb/rest/api/documento/convencionais?tipo=1&documentos=1556001;http://www.snirh.gov.br/hidroweb/rest/api/documento/convencionais?tipo=2&documentos=1556001;http://www.snirh.gov.br/hidroweb/rest/api/documento/convencionais?tipo=3&documentos=1556001;-56.349699999999984;-15.77389999999997
6 - RIO PARANÁ;;MT;NOVA BRASILÂNDIA;ANA;CPRM;CPRM-GO;19;Pluviométrica;1455010;FAZENDA CAMPO VERDE;-14.7772;-55.2333;;Sim;Não;Não;Não;Não;Não;Não;Sim;Não;Não;Não;Sim;Não;Não;Não;Não;;Não;Não;Não;;;;;;31/7/2000;;;;;http://www.snirh.gov.br/hidroweb/serieshistoricas?codigoEstacao=1455010;http://www.snirh.gov.br/hidroweb/rest/api/documento/convencionais?tipo=1&documentos=1455010;http://www.snirh.gov.br/hidroweb/rest/api/documento/convencionais?tipo=2&documentos=1455010;http://www.snirh.gov.br/hidroweb/rest/api/documento/convencionais?tipo=3&documentos=1455010;-55.233299999999986;-14.777199999999937
6 - RIO PARANÁ;;MT;NOVA BRASILÂNDIA;ANA;CPRM;CPRM-GO;19;Pluviométrica;1454002;NOVA BRASILÂNDIA;-14.9261;-54.9728;;Sim;Não;Não;Não;Não;Não;Não;Sim;Não;Não;Não;Sim;Não;Não;Não;Não;;Não;Não;Não;;;;;;31/10/1983;;;;;http://www.snirh.gov.br/hidroweb/serieshistoricas?codigoEstacao=1454002;http://www.snirh.gov.br/hidroweb/rest/api/documento/convencionais?tipo=1&documentos=1454002;http://www.snirh.gov.br/hidroweb/rest/api/documento/convencionais?tipo=2&documentos=1454002;http://www.snirh.gov.br/hidroweb/rest/api/documento/convencionais?tipo=3&documentos=1454002;-54.97279999999995;-14.926099999999963
6 - RIO PARANÁ;;MT;NOVA MARILÂNDIA;MARACANÃ;MARACANÃ;;1;Pluviométrica;1457006;PCH MARACANÃ JUSANTE;-14.355;-57.6164;;Sim;Não;Não;Não;Não;Não;Sim;Sim;Não;Não;Não;Não;Sim;Não;Não;Não;;Não;Não;Não;;;;;;30/11/2014;;;;30/11/2014;http://www.snirh.gov.br/hidroweb/serieshistoricas?codigoEstacao=1457006;http://www.snirh.gov.br/hidroweb/rest/api/documento/convencionais?tipo=1&documentos=1457006;http://www.snirh.gov.br/hidroweb/rest/api/documento/convencionais?tipo=2&documentos=1457006;http://www.snirh.gov.br/hidroweb/rest/api/documento/convencionais?tipo=3&documentos=1457006;-57.61639999999994;-14.354999999999961
6 - RIO PARANÁ;;MT;NOVA OLIMPIA;RIO DO SAPO;RIO DO SAPO;;1;Pluviométrica;1457010;PCH RIO DO SAPO MONTANTE 2;-14.5564;-57.8122;;Sim;Não;Não;Não;Não;Não;Sim;Sim;Não;Não;Não;Não;Sim;Não;Não;Não;;Não;Não;Não;;;;;;31/8/2015;;;;31/8/2015;http://www.snirh.gov.br/hidroweb/serieshistoricas?codigoEstacao=1457010;http://www.snirh.gov.br/hidroweb/rest/api/documento/convencionais?tipo=1&documentos=1457010;http://www.snirh.gov.br/hidroweb/rest/api/documento/convencionais?tipo=2&documentos=1457010;http://www.snirh.gov.br/hidroweb/rest/api/documento/convencionais?tipo=3&documentos=1457010;-57.81219999999996;-14.55639999999994
6 - RIO PARANÁ;;MT;PEDRA PRETA;ANA;CPRM;CPRM-GO;18;Pluviométrica;1654004;SANTA ESCOLÁSTICA;-16.8431;-54.4081;;Sim;Não;Não;Não;Não;Não;Não;Sim;Não;Não;Não;Sim;Não;Não;Não;Não;;Não;Não;Não;;;;;;31/12/1976;;;;;http://www.snirh.gov.br/hidroweb/serieshistoricas?codigoEstacao=1654004;http://www.snirh.gov.br/hidroweb/rest/api/documento/convencionais?tipo=1&documentos=1654004;http://www.snirh.gov.br/hidroweb/rest/api/documento/convencionais?tipo=2&documentos=1654004;http://www.snirh.gov.br/hidroweb/rest/api/documento/convencionais?tipo=3&documentos=1654004;-54.40809999999993;-16.843099999999936
6 - RIO PARANÁ;;MT;PEDRA PRETA;ANA;CPRM;CPRM-GO;18;Pluviométrica;1654001;SANTA TEREZINHA;-16.6739;-54.2661;;Sim;Não;Não;Não;Não;Não;Não;Sim;Não;Não;Não;Sim;Não;Não;Não;Não;;Não;Não;Não;;;;;;30/6/1969;;;;;http://www.snirh.gov.br/hidroweb/serieshistoricas?codigoEstacao=1654001;http://www.snirh.gov.br/hidroweb/rest/api/documento/convencionais?tipo=1&documentos=1654001;http://www.snirh.gov.br/hidroweb/rest/api/documento/convencionais?tipo=2&documentos=1654001;http://www.snirh.gov.br/hidroweb/rest/api/documento/convencionais?tipo=3&documentos=1654001;-54.26609999999994;-16.673899999999946
6 - RIO PARANÁ;;MT;POCONÉ;ANA;CPRM;CPRM-GO;20;Pluviométrica;1757001;PORTO CONCEIÇÃO;-17.1433;-57.3594;;Sim;Não;Não;Não;Não;Não;Não;Sim;Não;Não;Não;Sim;Não;Não;Não;Não;;Não;Não;Não;;;;;;30/6/1968;;;;;http://www.snirh.gov.br/hidroweb/serieshistoricas?codigoEstacao=1757001;http://www.snirh.gov.br/hidroweb/rest/api/documento/convencionais?tipo=1&documentos=1757001;http://www.snirh.gov.br/hidroweb/rest/api/documento/convencionais?tipo=2&documentos=1757001;http://www.snirh.gov.br/hidroweb/rest/api/documento/convencionais?tipo=3&documentos=1757001;-57.35939999999994;-17.143299999999954
6 - RIO PARANÁ;;MT;POCONÉ;ANA;CPRM;CPRM-GO;24;Pluviométrica;1756004;POUSADA TAIAMÃ  (Ex-Porto Jofre);-17.3683;-56.7725;;Sim;Não;Não;Não;Não;Não;Sim;Não;Não;Não;Não;Sim;Não;Não;Não;Não;;Não;Não;Não;;;;;;;;;;31/5/1997;http://www.snirh.gov.br/hidroweb/serieshistoricas?codigoEstacao=1756004;http://www.snirh.gov.br/hidroweb/rest/api/documento/convencionais?tipo=1&documentos=1756004;http://www.snirh.gov.br/hidroweb/rest/api/documento/convencionais?tipo=2&documentos=1756004;http://www.snirh.gov.br/hidroweb/rest/api/documento/convencionais?tipo=3&documentos=1756004;-56.77249999999998;-17.368299999999977
6 - RIO PARANÁ;;MT;POCONÉ;ANA;CPRM;CPRM-GO;24;Pluviométrica;1656004;SÃO JOÃO;-16.9442;-56.6319;;Sim;Não;Não;Não;Não;Não;Não;Sim;Não;Não;Não;Sim;Não;Não;Não;Não;;Não;Não;Não;;;;;;31/3/1970;;;31/10/1991;31/12/2011;http://www.snirh.gov.br/hidroweb/serieshistoricas?codigoEstacao=1656004;http://www.snirh.gov.br/hidroweb/rest/api/documento/convencionais?tipo=1&documentos=1656004;http://www.snirh.gov.br/hidroweb/rest/api/documento/convencionais?tipo=2&documentos=1656004;http://www.snirh.gov.br/hidroweb/rest/api/documento/convencionais?tipo=3&documentos=1656004;-56.63189999999997;-16.944199999999967
6 - RIO PARANÁ;;MT;POCONÉ;ANA;CPRM;CPRM-GO;24;Pluviométrica;1656002;POCONÉ;-16.3147;-56.5436;;Sim;Não;Não;Não;Não;Não;Não;Sim;Não;Não;Não;Sim;Não;Não;Não;Não;;Não;Não;Não;;;;;;30/6/1968;;;;;http://www.snirh.gov.br/hidroweb/serieshistoricas?codigoEstacao=1656002;http://www.snirh.gov.br/hidroweb/rest/api/documento/convencionais?tipo=1&documentos=1656002;http://www.snirh.gov.br/hidroweb/rest/api/documento/convencionais?tipo=2&documentos=1656002;http://www.snirh.gov.br/hidroweb/rest/api/documento/convencionais?tipo=3&documentos=1656002;-56.54359999999997;-16.31469999999996
6 - RIO PARANÁ;;MT;POCONÉ;ANA;CPRM;CPRM-GO;24;Pluviométrica;1656001;PORTO CERCADO (Ex-Retiro Biguaçal);-16.5119;-56.3756;;Sim;Não;Não;Não;Não;Não;Não;Sim;Não;Não;Não;Sim;Não;Não;Não;Não;;Não;Não;Não;;;;;;30/9/1968;;;;30/4/1996;http://www.snirh.gov.br/hidroweb/serieshistoricas?codigoEstacao=1656001;http://www.snirh.gov.br/hidroweb/rest/api/documento/convencionais?tipo=1&documentos=1656001;http://www.snirh.gov.br/hidroweb/rest/api/documento/convencionais?tipo=2&documentos=1656001;http://www.snirh.gov.br/hidroweb/rest/api/documento/convencionais?tipo=3&documentos=1656001;-56.37559999999996;-16.51189999999997
6 - RIO PARANÁ;;MT;PORTO ESPERIDIÃO;ANA;CPRM;CPRM-GO;20;Pluviométrica;1558005;PORTO ESPERIDIÃO;-15.8533;-58.4658;;Sim;Não;Não;Não;Não;Não;Sim;Sim;Sim;Não;Não;Sim;Não;Não;Não;Não;;Não;Não;Não;;;;;;31/10/1965;31/10/1965;;;30/9/2010;http://www.snirh.gov.br/hidroweb/serieshistoricas?codigoEstacao=1558005;http://www.snirh.gov.br/hidroweb/rest/api/documento/convencionais?tipo=1&documentos=1558005;http://www.snirh.gov.br/hidroweb/rest/api/documento/convencionais?tipo=2&documentos=1558005;http://www.snirh.gov.br/hidroweb/rest/api/documento/convencionais?tipo=3&documentos=1558005;-58.465799999999945;-15.853299999999933
6 - RIO PARANÁ;;MT;PORTO ESTRELA;ANA;CPRM;CPRM-GO;20;Pluviométrica;1557003;BARRANQUINHO;-15.6422;-57.475;;Sim;Não;Não;Não;Não;Não;Não;Sim;Não;Não;Não;Sim;Não;Não;Não;Não;;Não;Não;Não;;;;;;31/7/1969;;;;;http://www.snirh.gov.br/hidroweb/serieshistoricas?codigoEstacao=1557003;http://www.snirh.gov.br/hidroweb/rest/api/documento/convencionais?tipo=1&documentos=1557003;http://www.snirh.gov.br/hidroweb/rest/api/documento/convencionais?tipo=2&documentos=1557003;http://www.snirh.gov.br/hidroweb/rest/api/documento/convencionais?tipo=3&documentos=1557003;-57.474999999999966;-15.642199999999946
6 - RIO PARANÁ;;MT;POXORÉO;INMET;INMET;;;Pluviométrica;1554004;POXORÉO;-15.8333;-54.3833;;Sim;Não;Não;Não;Não;Não;Não;Sim;Sim;Sim;Sim;Não;Não;Não;Não;Não;Sim;Não;Não;Não;;;;;;31/8/1978;31/8/1978;31/1/1979;31/8/1978;;http://www.snirh.gov.br/hidroweb/serieshistoricas?codigoEstacao=1554004;http://www.snirh.gov.br/hidroweb/rest/api/documento/convencionais?tipo=1&documentos=1554004;http://www.snirh.gov.br/hidroweb/rest/api/documento/convencionais?tipo=2&documentos=1554004;http://www.snirh.gov.br/hidroweb/rest/api/documento/convencionais?tipo=3&documentos=1554004;-54.38329999999996;-15.833299999999952
6 - RIO PARANÁ;;MT;POXORÉO;CEMADEN;CEMADEN;;;Pluviométrica;1554015;POXOREO_Escola Municipal Guiomar Maria da Silva;-15.8215;-54.4074;;Sim;Não;Não;Não;Não;Não;Sim;Sim;Não;Não;Não;Não;Não;Não;Não;Não;;Não;Não;Não;;;;;;31/12/2013;;;;31/12/2013;http://www.snirh.gov.br/hidroweb/serieshistoricas?codigoEstacao=1554015;http://www.snirh.gov.br/hidroweb/rest/api/documento/convencionais?tipo=1&documentos=1554015;http://www.snirh.gov.br/hidroweb/rest/api/documento/convencionais?tipo=2&documentos=1554015;http://www.snirh.gov.br/hidroweb/rest/api/documento/convencionais?tipo=3&documentos=1554015;-54.40739999999994;-15.821499999999958
6 - RIO PARANÁ;;MT;POXORÉO;PRIMAVERA;PRIMAVERA;;;Pluviométrica;1554014;PCH POXORÉO JUSANTE;-15.8508;-54.3753;;Sim;Não;Não;Não;Não;Não;Sim;Sim;Não;Não;Não;Não;Sim;Não;Não;Não;;Não;Não;Não;;;;;;31/12/2013;;;;31/12/2013;http://www.snirh.gov.br/hidroweb/serieshistoricas?codigoEstacao=1554014;http://www.snirh.gov.br/hidroweb/rest/api/documento/convencionais?tipo=1&documentos=1554014;http://www.snirh.gov.br/hidroweb/rest/api/documento/convencionais?tipo=2&documentos=1554014;http://www.snirh.gov.br/hidroweb/rest/api/documento/convencionais?tipo=3&documentos=1554014;-54.37529999999998;-15.850799999999936
6 - RIO PARANÁ;;MT;POXORÉO;PRIMAVERA;PRIMAVERA;;;Pluviométrica;1554013;PCH POXORÉO RIO AREIA;-15.8342;-54.4056;;Sim;Não;Não;Não;Não;Não;Sim;Sim;Não;Não;Não;Não;Sim;Não;Não;Não;;Não;Não;Não;;;;;;30/4/2014;;;;30/4/2014;http://www.snirh.gov.br/hidroweb/serieshistoricas?codigoEstacao=1554013;http://www.snirh.gov.br/hidroweb/rest/api/documento/convencionais?tipo=1&documentos=1554013;http://www.snirh.gov.br/hidroweb/rest/api/documento/convencionais?tipo=2&documentos=1554013;http://www.snirh.gov.br/hidroweb/rest/api/documento/convencionais?tipo=3&documentos=1554013;-54.405599999999936;-15.834199999999953
6 - RIO PARANÁ;;MT;POXORÉO;PRIMAVERA;PRIMAVERA;;;Pluviométrica;1554012;PCH POXORÉO MONTANTE;-15.7975;-54.3608;;Sim;Não;Não;Não;Não;Não;Sim;Sim;Não;Não;Não;Não;Sim;Não;Não;Não;;Não;Não;Não;;;;;;31/12/2013;;;;31/12/2013;http://www.snirh.gov.br/hidroweb/serieshistoricas?codigoEstacao=1554012;http://www.snirh.gov.br/hidroweb/rest/api/documento/convencionais?tipo=1&documentos=1554012;http://www.snirh.gov.br/hidroweb/rest/api/documento/convencionais?tipo=2&documentos=1554012;http://www.snirh.gov.br/hidroweb/rest/api/documento/convencionais?tipo=3&documentos=1554012;-54.36079999999998;-15.797499999999957
6 - RIO PARANÁ;;MT;RIO BRANCO;ANA;CPRM;CPRM-GO;20;Pluviométrica;1558000;COLÔNIA RIO BRANCO;-15.2453;-58.1133;;Sim;Não;Não;Não;Não;Não;Não;Sim;Não;Não;Não;Sim;Não;Não;Não;Não;;Não;Não;Não;;;;;;30/4/1971;;;;;http://www.snirh.gov.br/hidroweb/serieshistoricas?codigoEstacao=1558000;http://www.snirh.gov.br/hidroweb/rest/api/documento/convencionais?tipo=1&documentos=1558000;http://www.snirh.gov.br/hidroweb/rest/api/documento/convencionais?tipo=2&documentos=1558000;http://www.snirh.gov.br/hidroweb/rest/api/documento/convencionais?tipo=3&documentos=1558000;-58.11329999999998;-15.24529999999993
6 - RIO PARANÁ;;MT;RONDONÓPOLIS;INMET;INMET;;;Pluviométrica;1654006;RONDONÓPOLIS;-16.45;-54.5667;;Sim;Não;Não;Não;Não;Não;Sim;Sim;Sim;Sim;Sim;Não;Não;Não;Não;Não;Sim;Não;Não;Não;;;;;;31/12/1991;31/12/1991;31/12/1991;31/12/1991;31/10/2003;http://www.snirh.gov.br/hidroweb/serieshistoricas?codigoEstacao=1654006;http://www.snirh.gov.br/hidroweb/rest/api/documento/convencionais?tipo=1&documentos=1654006;http://www.snirh.gov.br/hidroweb/rest/api/documento/convencionais?tipo=2&documentos=1654006;http://www.snirh.gov.br/hidroweb/rest/api/documento/convencionais?tipo=3&documentos=1654006;-54.56669999999997;-16.449999999999932
6 - RIO PARANÁ;;MT;RONDONÓPOLIS;ANA;CPRM;CPRM-GO;18;Pluviométrica;1654000;RONDONÓPOLIS;-16.4711;-54.6561;;Sim;Não;Não;Não;Não;Não;Sim;Sim;Sim;Não;Não;Sim;Não;Não;Não;Não;;Não;Não;Não;;;;;;31/10/1965;31/5/1976;;;28/2/2011;http://www.snirh.gov.br/hidroweb/serieshistoricas?codigoEstacao=1654000;http://www.snirh.gov.br/hidroweb/rest/api/documento/convencionais?tipo=1&documentos=1654000;http://www.snirh.gov.br/hidroweb/rest/api/documento/convencionais?tipo=2&documentos=1654000;http://www.snirh.gov.br/hidroweb/rest/api/documento/convencionais?tipo=3&documentos=1654000;-54.65609999999998;-16.47109999999998
6 - RIO PARANÁ;;MT;RONDONÓPOLIS;SEMA-MT;HYDROCONSULT;;1;Pluviométrica;1654007;RONDONÓPOLIS;-16.4789;-54.6506;;Sim;Não;Não;Não;Não;Não;Sim;Sim;Não;Não;Não;Não;Não;Não;Não;Não;;Não;Não;Não;;;;;;30/9/2011;;;;30/9/2011;http://www.snirh.gov.br/hidroweb/serieshistoricas?codigoEstacao=1654007;http://www.snirh.gov.br/hidroweb/rest/api/documento/convencionais?tipo=1&documentos=1654007;http://www.snirh.gov.br/hidroweb/rest/api/documento/convencionais?tipo=2&documentos=1654007;http://www.snirh.gov.br/hidroweb/rest/api/documento/convencionais?tipo=3&documentos=1654007;-54.65059999999994;-16.478899999999953
6 - RIO PARANÁ;;MT;RONDONÓPOLIS;HIDROPOWER;HIDROPOWER;;1;Pluviométrica;1654015;PCH ENG. JOSÉ GELÁSIO DA ROCHA BARRAMENTO;-16.7128;-54.7478;;Sim;Não;Não;Não;Não;Não;Sim;Sim;Não;Não;Não;Não;Sim;Não;Não;Não;;Não;Não;Não;;;;;;31/7/2015;;;;31/7/2015;http://www.snirh.gov.br/hidroweb/serieshistoricas?codigoEstacao=1654015;http://www.snirh.gov.br/hidroweb/rest/api/documento/convencionais?tipo=1&documentos=1654015;http://www.snirh.gov.br/hidroweb/rest/api/documento/convencionais?tipo=2&documentos=1654015;http://www.snirh.gov.br/hidroweb/rest/api/documento/convencionais?tipo=3&documentos=1654015;-54.747799999999984;-16.71279999999996
6 - RIO PARANÁ;;MT;RONDONÓPOLIS;HIDROPOWER;HIDROPOWER;;1;Pluviométrica;1654014;PCH ENG. JOSÉ GELÁSIO DA ROCHA MONTANTE;-16.7483;-54.7217;;Sim;Não;Não;Não;Não;Não;Sim;Sim;Não;Não;Não;Não;Sim;Não;Não;Não;;Não;Não;Não;;;;;;31/7/2015;;;;31/7/2015;http://www.snirh.gov.br/hidroweb/serieshistoricas?codigoEstacao=1654014;http://www.snirh.gov.br/hidroweb/rest/api/documento/convencionais?tipo=1&documentos=1654014;http://www.snirh.gov.br/hidroweb/rest/api/documento/convencionais?tipo=2&documentos=1654014;http://www.snirh.gov.br/hidroweb/rest/api/documento/convencionais?tipo=3&documentos=1654014;-54.72169999999994;-16.748299999999972
6 - RIO PARANÁ;;MT;RONDONÓPOLIS;CEMADEN;CEMADEN;;;Pluviométrica;1654008;RONDONOPOLIS_Serviço de Saneamento Ambienta;-16.4897;-54.6167;;Sim;Não;Não;Não;Não;Não;Sim;Sim;Não;Não;Não;Não;Não;Não;Não;Não;;Não;Não;Não;;;;;;31/12/2013;;;;31/12/2013;http://www.snirh.gov.br/hidroweb/serieshistoricas?codigoEstacao=1654008;http://www.snirh.gov.br/hidroweb/rest/api/documento/convencionais?tipo=1&documentos=1654008;http://www.snirh.gov.br/hidroweb/rest/api/documento/convencionais?tipo=2&documentos=1654008;http://www.snirh.gov.br/hidroweb/rest/api/documento/convencionais?tipo=3&documentos=1654008;-54.61669999999998;-16.48969999999997
6 - RIO PARANÁ;;MT;RONDONÓPOLIS;TUPAN;TUPAN;;1;Pluviométrica;1654010;PCH RONDONÓPOLIS BARRAMENTO;-16.6669;-54.7356;;Sim;Não;Não;Não;Não;Não;Sim;Sim;Não;Não;Não;Não;Sim;Não;Não;Não;;Não;Não;Não;;;;;;31/7/2015;;;;31/7/2015;http://www.snirh.gov.br/hidroweb/serieshistoricas?codigoEstacao=1654010;http://www.snirh.gov.br/hidroweb/rest/api/documento/convencionais?tipo=1&documentos=1654010;http://www.snirh.gov.br/hidroweb/rest/api/documento/convencionais?tipo=2&documentos=1654010;http://www.snirh.gov.br/hidroweb/rest/api/documento/convencionais?tipo=3&documentos=1654010;-54.73559999999998;-16.66689999999994
6 - RIO PARANÁ;;MT;RONDONÓPOLIS;TUPAN;TUPAN;;1;Pluviométrica;1654009;PCH RONDONÓPOLIS MONTANTE;-16.6689;-54.7403;;Sim;Não;Não;Não;Não;Não;Sim;Sim;Não;Não;Não;Não;Sim;Não;Não;Não;;Não;Não;Não;;;;;;31/7/2015;;;;31/7/2015;http://www.snirh.gov.br/hidroweb/serieshistoricas?codigoEstacao=1654009;http://www.snirh.gov.br/hidroweb/rest/api/documento/convencionais?tipo=1&documentos=1654009;http://www.snirh.gov.br/hidroweb/rest/api/documento/convencionais?tipo=2&documentos=1654009;http://www.snirh.gov.br/hidroweb/rest/api/documento/convencionais?tipo=3&documentos=1654009;-54.740299999999934;-16.66889999999995
6 - RIO PARANÁ;;MT;ROSÁRIO OESTE;FURNAS;FURNAS;;1;Pluviométrica;1456008;ROSÁRIO OESTE;-14.8342;-56.4117;;Sim;Não;Não;Não;Não;Não;Não;Sim;Não;Não;Não;Não;Sim;Não;Não;Não;;Não;Não;Não;;;;;;31/10/1968;;;;31/5/1996;http://www.snirh.gov.br/hidroweb/serieshistoricas?codigoEstacao=1456008;http://www.snirh.gov.br/hidroweb/rest/api/documento/convencionais?tipo=1&documentos=1456008;http://www.snirh.gov.br/hidroweb/rest/api/documento/convencionais?tipo=2&documentos=1456008;http://www.snirh.gov.br/hidroweb/rest/api/documento/convencionais?tipo=3&documentos=1456008;-56.41169999999994;-14.834199999999953
6 - RIO PARANÁ;;MT;ROSÁRIO OESTE;ANA;CPRM;CPRM-GO;19;Pluviométrica;1455008;FAZENDA RAIZAMA (COIMBRA);-14.8439;-55.855;;Sim;Não;Não;Não;Não;Não;Não;Sim;Não;Não;Não;Sim;Não;Não;Não;Não;;Não;Não;Não;;;;;;31/12/1980;;;;;http://www.snirh.gov.br/hidroweb/serieshistoricas?codigoEstacao=1455008;http://www.snirh.gov.br/hidroweb/rest/api/documento/convencionais?tipo=1&documentos=1455008;http://www.snirh.gov.br/hidroweb/rest/api/documento/convencionais?tipo=2&documentos=1455008;http://www.snirh.gov.br/hidroweb/rest/api/documento/convencionais?tipo=3&documentos=1455008;-55.85499999999996;-14.843899999999962
6 - RIO PARANÁ;;MT;SALTO DO CÉU;ANA;CPRM;CPRM-GO;19;Pluviométrica;1557005;SÃO JOSÉ DO SEPOTUBA;-15.0925;-57.6803;;Sim;Não;Não;Não;Não;Não;Não;Sim;Não;Não;Não;Sim;Não;Não;Não;Não;;Não;Não;Não;;;;;;29/2/1976;;;;;http://www.snirh.gov.br/hidroweb/serieshistoricas?codigoEstacao=1557005;http://www.snirh.gov.br/hidroweb/rest/api/documento/convencionais?tipo=1&documentos=1557005;http://www.snirh.gov.br/hidroweb/rest/api/documento/convencionais?tipo=2&documentos=1557005;http://www.snirh.gov.br/hidroweb/rest/api/documento/convencionais?tipo=3&documentos=1557005;-57.68029999999993;-15.092499999999973
6 - RIO PARANÁ;;MT;SANTO ANTÔNIO DO LEVERGER;INMET;INMET;;;Pluviométrica;1556008;PADRE RICARDO REMETTER;-15.7833;-56.0667;;Sim;Não;Não;Não;Não;Não;Não;Sim;Sim;Sim;Sim;Não;Não;Não;Não;Não;Sim;Não;Não;Não;;;;;;31/12/1985;31/12/1985;31/12/1985;31/12/1985;;http://www.snirh.gov.br/hidroweb/serieshistoricas?codigoEstacao=1556008;http://www.snirh.gov.br/hidroweb/rest/api/documento/convencionais?tipo=1&documentos=1556008;http://www.snirh.gov.br/hidroweb/rest/api/documento/convencionais?tipo=2&documentos=1556008;http://www.snirh.gov.br/hidroweb/rest/api/documento/convencionais?tipo=3&documentos=1556008;-56.06669999999997;-15.78329999999994
6 - RIO PARANÁ;;MT;SANTO ANTÔNIO DO LEVERGER;INMET;INMET;;;Pluviométrica;1555009;SÃO VICENTE;-15.8167;-55.4167;;Sim;Não;Não;Não;Não;Não;Não;Sim;Sim;Sim;Sim;Não;Não;Não;Não;Não;Não;Não;Não;Não;;;;;;31/10/1985;31/10/1985;31/10/1985;31/10/1985;;http://www.snirh.gov.br/hidroweb/serieshistoricas?codigoEstacao=1555009;http://www.snirh.gov.br/hidroweb/rest/api/documento/convencionais?tipo=1&documentos=1555009;http://www.snirh.gov.br/hidroweb/rest/api/documento/convencionais?tipo=2&documentos=1555009;http://www.snirh.gov.br/hidroweb/rest/api/documento/convencionais?tipo=3&documentos=1555009;-55.416699999999935;-15.816699999999969
6 - RIO PARANÁ;;MT;SANTO ANTÔNIO DO LEVERGER;ANA;CPRM;CPRM-GO;18;Pluviométrica;1655001;ACIMA DO CÓRREGO GRANDE;-16.6081;-55.2064;;Sim;Não;Não;Não;Não;Não;Sim;Sim;Não;Não;Não;Sim;Não;Não;Não;Não;;Não;Não;Não;;;;;;30/9/1969;;;;31/3/1996;http://www.snirh.gov.br/hidroweb/serieshistoricas?codigoEstacao=1655001;http://www.snirh.gov.br/hidroweb/rest/api/documento/convencionais?tipo=1&documentos=1655001;http://www.snirh.gov.br/hidroweb/rest/api/documento/convencionais?tipo=2&documentos=1655001;http://www.snirh.gov.br/hidroweb/rest/api/documento/convencionais?tipo=3&documentos=1655001;-55.206399999999974;-16.60809999999998
6 - RIO PARANÁ;;MT;SANTO ANTÔNIO DO LEVERGER;ANA;CPRM;;19;Pluviométrica;1556020;SANTO ANTÔNIO DO LEVERGER;-15.8697;-56.0761;;Sim;Não;Não;Não;Não;Não;Sim;Não;Não;Não;Não;Não;Não;Sim;Não;Não;;Não;Não;Não;;;;;;;;;;31/7/2012;http://www.snirh.gov.br/hidroweb/serieshistoricas?codigoEstacao=1556020;http://www.snirh.gov.br/hidroweb/rest/api/documento/convencionais?tipo=1&documentos=1556020;http://www.snirh.gov.br/hidroweb/rest/api/documento/convencionais?tipo=2&documentos=1556020;http://www.snirh.gov.br/hidroweb/rest/api/documento/convencionais?tipo=3&documentos=1556020;-56.07609999999994;-15.869699999999966
6 - RIO PARANÁ;;MT;SANTO ANTÔNIO DO LEVERGER;ENEBRAS;ENEBRAS;;;Pluviométrica;1655005;FAZENDA POENTE;-16.4569;-55.3197;;Sim;Não;Não;Não;Não;Não;Não;Sim;Não;Não;Não;Não;Não;Não;Não;Não;;Não;Não;Não;;;;;;31/12/2007;;;;;http://www.snirh.gov.br/hidroweb/serieshistoricas?codigoEstacao=1655005;http://www.snirh.gov.br/hidroweb/rest/api/documento/convencionais?tipo=1&documentos=1655005;http://www.snirh.gov.br/hidroweb/rest/api/documento/convencionais?tipo=2&documentos=1655005;http://www.snirh.gov.br/hidroweb/rest/api/documento/convencionais?tipo=3&documentos=1655005;-55.319699999999955;-16.456899999999962
6 - RIO PARANÁ;;MT;SANTO ANTÔNIO DO LEVERGER;CONSÓRCIO JONAS;CONSÓRCIO JONAS;;1;Pluviométrica;1655008;PCH SENADOR JONAS PINHEIRO JUSANTE;-16.1111;-55.3758;;Sim;Não;Não;Não;Não;Não;Sim;Sim;Não;Não;Não;Não;Sim;Não;Não;Não;;Não;Não;Não;;;;;;30/6/2015;;;;30/6/2015;http://www.snirh.gov.br/hidroweb/serieshistoricas?codigoEstacao=1655008;http://www.snirh.gov.br/hidroweb/rest/api/documento/convencionais?tipo=1&documentos=1655008;http://www.snirh.gov.br/hidroweb/rest/api/documento/convencionais?tipo=2&documentos=1655008;http://www.snirh.gov.br/hidroweb/rest/api/documento/convencionais?tipo=3&documentos=1655008;-55.37579999999997;-16.111099999999965
6 - RIO PARANÁ;;MT;SANTO ANTÔNIO DO LEVERGER;CEMADEN;CEMADEN;;;Pluviométrica;1556019;SANTO ANTONIO DO LEVERGER_Sec. Mun. de Saneamento;-15.8641;-56.0746;;Sim;Não;Não;Não;Não;Não;Sim;Sim;Não;Não;Não;Não;Não;Não;Não;Não;;Não;Não;Não;;;;;;31/12/2013;;;;31/12/2013;http://www.snirh.gov.br/hidroweb/serieshistoricas?codigoEstacao=1556019;http://www.snirh.gov.br/hidroweb/rest/api/documento/convencionais?tipo=1&documentos=1556019;http://www.snirh.gov.br/hidroweb/rest/api/documento/convencionais?tipo=2&documentos=1556019;http://www.snirh.gov.br/hidroweb/rest/api/documento/convencionais?tipo=3&documentos=1556019;-56.074599999999975;-15.86409999999995
6 - RIO PARANÁ;;MT;SANTO ANTÔNIO DO LEVERGER;SÃO TADEU;SÃO TADEU;;1;Pluviométrica;1555018;PCH SÃO TADEU I JUSANTE;-15.7536;-55.5483;;Sim;Não;Não;Não;Não;Não;Sim;Sim;Não;Não;Não;Não;Sim;Não;Não;Não;;Não;Não;Não;;;;;;30/4/2015;;;;30/4/2015;http://www.snirh.gov.br/hidroweb/serieshistoricas?codigoEstacao=1555018;http://www.snirh.gov.br/hidroweb/rest/api/documento/convencionais?tipo=1&documentos=1555018;http://www.snirh.gov.br/hidroweb/rest/api/documento/convencionais?tipo=2&documentos=1555018;http://www.snirh.gov.br/hidroweb/rest/api/documento/convencionais?tipo=3&documentos=1555018;-55.54829999999998;-15.753599999999949
6 - RIO PARANÁ;;MT;TANGARÁ DA SERRA;ANA;CPRM;CPRM-GO;21;Pluviométrica;1457004;PRÓXIMO ILHOCA;-14.5847;-57.925;;Sim;Não;Não;Não;Não;Não;Não;Sim;Não;Não;Não;Sim;Não;Não;Não;Não;;Não;Não;Não;;;;;;31/10/1999;;;;;http://www.snirh.gov.br/hidroweb/serieshistoricas?codigoEstacao=1457004;http://www.snirh.gov.br/hidroweb/rest/api/documento/convencionais?tipo=1&documentos=1457004;http://www.snirh.gov.br/hidroweb/rest/api/documento/convencionais?tipo=2&documentos=1457004;http://www.snirh.gov.br/hidroweb/rest/api/documento/convencionais?tipo=3&documentos=1457004;-57.924999999999955;-14.584699999999941
6 - RIO PARANÁ;;MT;TANGARÁ DA SERRA;ANA;CPRM;CPRM-GO;19;Pluviométrica;1457000;TAPIRAPUÃ;-14.8506;-57.7678;;Sim;Não;Não;Não;Não;Não;Não;Sim;Não;Não;Não;Sim;Não;Não;Não;Não;;Não;Não;Não;;;;;;30/6/1971;;;;;http://www.snirh.gov.br/hidroweb/serieshistoricas?codigoEstacao=1457000;http://www.snirh.gov.br/hidroweb/rest/api/documento/convencionais?tipo=1&documentos=1457000;http://www.snirh.gov.br/hidroweb/rest/api/documento/convencionais?tipo=2&documentos=1457000;http://www.snirh.gov.br/hidroweb/rest/api/documento/convencionais?tipo=3&documentos=1457000;-57.767799999999966;-14.850599999999929
6 - RIO PARANÁ;;MT;TANGARÁ DA SERRA;SEMA-MT;HYDROCONSULT;;;Pluviométrica;1457005;FAZENDA SANTA AMÁLIA;-14.61;-57.7281;;Sim;Não;Não;Não;Não;Não;Sim;Sim;Não;Não;Não;Não;Não;Não;Não;Não;;Não;Não;Não;;;;;;31/7/2011;;;;31/7/2011;http://www.snirh.gov.br/hidroweb/serieshistoricas?codigoEstacao=1457005;http://www.snirh.gov.br/hidroweb/rest/api/documento/convencionais?tipo=1&documentos=1457005;http://www.snirh.gov.br/hidroweb/rest/api/documento/convencionais?tipo=2&documentos=1457005;http://www.snirh.gov.br/hidroweb/rest/api/documento/convencionais?tipo=3&documentos=1457005;-57.72809999999998;-14.609999999999957
6 - RIO PARANÁ;;MT;TANGARÁ DA SERRA;VARZEA DO JUBA;VARZEA DO JUBA;;;Pluviométrica;1457007;PCH GRAÇA BRENNAND JUSANTE;-14.9756;-57.7461;;Sim;Não;Não;Não;Não;Não;Sim;Sim;Não;Não;Não;Não;Sim;Não;Não;Não;;Não;Não;Não;;;;;;30/11/2014;;;;30/11/2014;http://www.snirh.gov.br/hidroweb/serieshistoricas?codigoEstacao=1457007;http://www.snirh.gov.br/hidroweb/rest/api/documento/convencionais?tipo=1&documentos=1457007;http://www.snirh.gov.br/hidroweb/rest/api/documento/convencionais?tipo=2&documentos=1457007;http://www.snirh.gov.br/hidroweb/rest/api/documento/convencionais?tipo=3&documentos=1457007;-57.746099999999956;-14.975599999999929
6 - RIO PARANÁ;;MT;TANGARÁ DA SERRA;PAMPEANA;PAMPEANA;;1;Pluviométrica;1457008;PCH PAMPEANA JUSANTE;-14.8261;-57.9031;;Sim;Não;Não;Não;Não;Não;Sim;Sim;Não;Não;Não;Não;Sim;Não;Não;Não;;Não;Não;Não;;;;;;30/4/2015;;;;30/4/2015;http://www.snirh.gov.br/hidroweb/serieshistoricas?codigoEstacao=1457008;http://www.snirh.gov.br/hidroweb/rest/api/documento/convencionais?tipo=1&documentos=1457008;http://www.snirh.gov.br/hidroweb/rest/api/documento/convencionais?tipo=2&documentos=1457008;http://www.snirh.gov.br/hidroweb/rest/api/documento/convencionais?tipo=3&documentos=1457008;-57.90309999999994;-14.82609999999994
6 - RIO PARANÁ;;MT;TANGARÁ DA SERRA;ITAMARATI;ITAMARATI;;;Pluviométrica;1458006;UHE JUBA II JUSANTE;-14.7606;-58.0242;;Sim;Não;Não;Não;Não;Não;Sim;Sim;Não;Não;Não;Não;Sim;Não;Não;Não;;Não;Não;Não;;;;;;31/3/2012;;;;31/3/2012;http://www.snirh.gov.br/hidroweb/serieshistoricas?codigoEstacao=1458006;http://www.snirh.gov.br/hidroweb/rest/api/documento/convencionais?tipo=1&documentos=1458006;http://www.snirh.gov.br/hidroweb/rest/api/documento/convencionais?tipo=2&documentos=1458006;http://www.snirh.gov.br/hidroweb/rest/api/documento/convencionais?tipo=3&documentos=1458006;-58.02419999999995;-14.760599999999954
6 - RIO PARANÁ;;MT;TANGARÁ DA SERRA;ITAMARATI;ITAMARATI;;;Pluviométrica;1458005;UHE JUBA I MONTANTE;-14.7106;-58.1025;;Sim;Não;Não;Não;Não;Não;Sim;Sim;Não;Não;Não;Não;Sim;Não;Não;Não;;Não;Não;Não;;;;;;31/3/2012;;;;31/3/2012;http://www.snirh.gov.br/hidroweb/serieshistoricas?codigoEstacao=1458005;http://www.snirh.gov.br/hidroweb/rest/api/documento/convencionais?tipo=1&documentos=1458005;http://www.snirh.gov.br/hidroweb/rest/api/documento/convencionais?tipo=2&documentos=1458005;http://www.snirh.gov.br/hidroweb/rest/api/documento/convencionais?tipo=3&documentos=1458005;-58.102499999999964;-14.710599999999943
6 - RIO PARANÁ;;MT;TANGARÁ DA SERRA;RIO DO SAPO;RIO DO SAPO;;1;Pluviométrica;1457011;PCH RIO DO SAPO BARRAMENTO;-14.6108;-57.7439;;Sim;Não;Não;Não;Não;Não;Sim;Sim;Não;Não;Não;Não;Sim;Não;Não;Não;;Não;Não;Não;;;;;;31/8/2015;;;;31/8/2015;http://www.snirh.gov.br/hidroweb/serieshistoricas?codigoEstacao=1457011;http://www.snirh.gov.br/hidroweb/rest/api/documento/convencionais?tipo=1&documentos=1457011;http://www.snirh.gov.br/hidroweb/rest/api/documento/convencionais?tipo=2&documentos=1457011;http://www.snirh.gov.br/hidroweb/rest/api/documento/convencionais?tipo=3&documentos=1457011;-57.74389999999994;-14.610799999999927
6 - RIO PARANÁ;;MT;TANGARÁ DA SERRA;RIO DO SAPO;RIO DO SAPO;;1;Pluviométrica;1457009;PCH RIO DO SAPO MONTANTE 1;-14.5928;-57.7731;;Sim;Não;Não;Não;Não;Não;Sim;Sim;Não;Não;Não;Não;Sim;Não;Não;Não;;Não;Não;Não;;;;;;31/8/2015;;;;31/8/2015;http://www.snirh.gov.br/hidroweb/serieshistoricas?codigoEstacao=1457009;http://www.snirh.gov.br/hidroweb/rest/api/documento/convencionais?tipo=1&documentos=1457009;http://www.snirh.gov.br/hidroweb/rest/api/documento/convencionais?tipo=2&documentos=1457009;http://www.snirh.gov.br/hidroweb/rest/api/documento/convencionais?tipo=3&documentos=1457009;-57.77309999999994;-14.592799999999954
6 - RIO PARANÁ;;MT;TANGARÁ DA SERRA;RECANTO;RECANTO;;1;Pluviométrica;1457012;PCH RECANTO BARRAMENTO;-14.4194;-57.8183;;Sim;Não;Não;Não;Não;Não;Sim;Sim;Não;Não;Não;Não;Sim;Não;Não;Não;;Não;Não;Não;;;;;;30/6/2019;;;;30/6/2019;http://www.snirh.gov.br/hidroweb/serieshistoricas?codigoEstacao=1457012;http://www.snirh.gov.br/hidroweb/rest/api/documento/convencionais?tipo=1&documentos=1457012;http://www.snirh.gov.br/hidroweb/rest/api/documento/convencionais?tipo=2&documentos=1457012;http://www.snirh.gov.br/hidroweb/rest/api/documento/convencionais?tipo=3&documentos=1457012;-57.818299999999965;-14.41939999999994
6 - RIO PARANÁ;;MT;VÁRZEA GRANDE;ANA;CPRM;CPRM-GO;18;Pluviométrica;1556007;SANTA EDWIGES;-15.6986;-55.1356;;Sim;Não;Não;Não;Não;Não;Não;Sim;Não;Não;Não;Sim;Não;Não;Não;Não;;Não;Não;Não;;;;;;31/1/1975;;;;;http://www.snirh.gov.br/hidroweb/serieshistoricas?codigoEstacao=1556007;http://www.snirh.gov.br/hidroweb/rest/api/documento/convencionais?tipo=1&documentos=1556007;http://www.snirh.gov.br/hidroweb/rest/api/documento/convencionais?tipo=2&documentos=1556007;http://www.snirh.gov.br/hidroweb/rest/api/documento/convencionais?tipo=3&documentos=1556007;-55.135599999999954;-15.698599999999942
6 - RIO PARANÁ;;MT;VÁRZEA GRANDE;ANA;CPRM;CPRM-GO;19;Pluviométrica;1556006;SECO (FAZENDA SECO);-15.6353;-56.6117;;Sim;Não;Não;Não;Não;Não;Não;Sim;Não;Não;Não;Sim;Não;Não;Não;Não;;Não;Não;Não;;;;;;30/11/1969;;;;;http://www.snirh.gov.br/hidroweb/serieshistoricas?codigoEstacao=1556006;http://www.snirh.gov.br/hidroweb/rest/api/documento/convencionais?tipo=1&documentos=1556006;http://www.snirh.gov.br/hidroweb/rest/api/documento/convencionais?tipo=2&documentos=1556006;http://www.snirh.gov.br/hidroweb/rest/api/documento/convencionais?tipo=3&documentos=1556006;-56.611699999999985;-15.635299999999972
6 - RIO PARANÁ;;MT;VILA BELA DA SANTÍSSIMA TRINDADE;ANA;CPRM;CPRM-GO;20;Pluviométrica;1659001;DESTACAMENTO DA FORTUNA;-16.2708;-59.4919;;Sim;Não;Não;Não;Não;Não;Não;Sim;Não;Não;Não;Sim;Não;Não;Não;Não;;Não;Não;Não;;;;;;31/7/1999;;;;;http://www.snirh.gov.br/hidroweb/serieshistoricas?codigoEstacao=1659001;http://www.snirh.gov.br/hidroweb/rest/api/documento/convencionais?tipo=1&documentos=1659001;http://www.snirh.gov.br/hidroweb/rest/api/documento/convencionais?tipo=2&documentos=1659001;http://www.snirh.gov.br/hidroweb/rest/api/documento/convencionais?tipo=3&documentos=1659001;-59.49189999999999;-16.27079999999995
6 - RIO PARANÁ;;MT;ACORIZAL;FURNAS;FURNAS;;1;Pluviométrica;1556005;ACORIZAL;-15.2067;-56.3656;;Sim;Não;Não;Não;Não;Não;Não;Sim;Não;Não;Não;Não;Sim;Não;Não;Não;;Não;Não;Não;;;;;;31/5/1969;;;;;http://www.snirh.gov.br/hidroweb/serieshistoricas?codigoEstacao=1556005;http://www.snirh.gov.br/hidroweb/rest/api/documento/convencionais?tipo=1&documentos=1556005;http://www.snirh.gov.br/hidroweb/rest/api/documento/convencionais?tipo=2&documentos=1556005;http://www.snirh.gov.br/hidroweb/rest/api/documento/convencionais?tipo=3&documentos=1556005;-56.36559999999997;-15.206699999999955
6 - RIO PARANÁ;;MT;ALTO PARAGUAI;SEMA-MT;HYDROCONSULT;;;Pluviométrica;1456012;SÍTIO JAPUIRA;-14.8142;-56.8381;;Sim;Não;Não;Não;Não;Não;Sim;Sim;Não;Não;Não;Não;Não;Não;Não;Não;;Não;Não;Não;;;;;;30/9/2011;;;;30/9/2011;http://www.snirh.gov.br/hidroweb/serieshistoricas?codigoEstacao=1456012;http://www.snirh.gov.br/hidroweb/rest/api/documento/convencionais?tipo=1&documentos=1456012;http://www.snirh.gov.br/hidroweb/rest/api/documento/convencionais?tipo=2&documentos=1456012;http://www.snirh.gov.br/hidroweb/rest/api/documento/convencionais?tipo=3&documentos=1456012;-56.83809999999994;-14.814199999999971
6 - RIO PARANÁ;;MT;ALTO PARAGUAI;PRIMAVERA;PRIMAVERA;;;Pluviométrica;1456016;PCH ALTO PARAGUAI JUSANTE;-14.4772;-56.3922;;Sim;Não;Não;Não;Não;Não;Sim;Sim;Não;Não;Não;Não;Sim;Não;Não;Não;;Não;Não;Não;;;;;;30/11/2013;;;;30/11/2013;http://www.snirh.gov.br/hidroweb/serieshistoricas?codigoEstacao=1456016;http://www.snirh.gov.br/hidroweb/rest/api/documento/convencionais?tipo=1&documentos=1456016;http://www.snirh.gov.br/hidroweb/rest/api/documento/convencionais?tipo=2&documentos=1456016;http://www.snirh.gov.br/hidroweb/rest/api/documento/convencionais?tipo=3&documentos=1456016;-56.392199999999946;-14.477199999999982
6 - RIO PARANÁ;;MT;ALTO TAQUARI;LAJARI;LAJARI;;1;Pluviométrica;1753008;PCH LAJARI MONTANTE;-17.9319;-53.3753;;Sim;Não;Não;Não;Não;Não;Sim;Sim;Não;Não;Não;Não;Sim;Não;Não;Não;;Não;Não;Não;;;;;;31/8/2017;;;;31/8/2017;http://www.snirh.gov.br/hidroweb/serieshistoricas?codigoEstacao=1753008;http://www.snirh.gov.br/hidroweb/rest/api/documento/convencionais?tipo=1&documentos=1753008;http://www.snirh.gov.br/hidroweb/rest/api/documento/convencionais?tipo=2&documentos=1753008;http://www.snirh.gov.br/hidroweb/rest/api/documento/convencionais?tipo=3&documentos=1753008;-53.37529999999998;-17.931899999999928
6 - RIO PARANÁ;;MT;ARAPUTANGA;ALTO JAURU;ALTO JAURU;;1;Pluviométrica;1558017;PCH ANTÔNIO BRENNAND JUSANTE;-15.0528;-58.7508;;Sim;Não;Não;Não;Não;Não;Sim;Sim;Não;Não;Não;Não;Sim;Não;Não;Não;;Não;Não;Não;;;;;;30/11/2012;;;;30/11/2012;http://www.snirh.gov.br/hidroweb/serieshistoricas?codigoEstacao=1558017;http://www.snirh.gov.br/hidroweb/rest/api/documento/convencionais?tipo=1&documentos=1558017;http://www.snirh.gov.br/hidroweb/rest/api/documento/convencionais?tipo=2&documentos=1558017;http://www.snirh.gov.br/hidroweb/rest/api/documento/convencionais?tipo=3&documentos=1558017;-58.75079999999997;-15.052799999999934
6 - RIO PARANÁ;;MT;ARAPUTANGA;ALTO JAURU;ALTO JAURU;;1;Pluviométrica;1558016;PCH ANTÔNIO BRENNAND MONTANTE 1;-15.0369;-58.7358;;Sim;Não;Não;Não;Não;Não;Sim;Sim;Não;Não;Não;Não;Sim;Não;Não;Não;;Não;Não;Não;;;;;;31/3/2012;;;;31/3/2012;http://www.snirh.gov.br/hidroweb/serieshistoricas?codigoEstacao=1558016;http://www.snirh.gov.br/hidroweb/rest/api/documento/convencionais?tipo=1&documentos=1558016;http://www.snirh.gov.br/hidroweb/rest/api/documento/convencionais?tipo=2&documentos=1558016;http://www.snirh.gov.br/hidroweb/rest/api/documento/convencionais?tipo=3&documentos=1558016;-58.73579999999998;-15.036899999999946
6 - RIO PARANÁ;;MT;ARAPUTANGA;ALTO JAURU;ALTO JAURU;;1;Pluviométrica;1558015;PCH ANTÔNIO BRENNAND MONTANTE 2;-15.0231;-58.7217;;Sim;Não;Não;Não;Não;Não;Sim;Sim;Não;Não;Não;Não;Sim;Não;Não;Não;;Não;Não;Não;;;;;;31/3/2012;;;;31/3/2012;http://www.snirh.gov.br/hidroweb/serieshistoricas?codigoEstacao=1558015;http://www.snirh.gov.br/hidroweb/rest/api/documento/convencionais?tipo=1&documentos=1558015;http://www.snirh.gov.br/hidroweb/rest/api/documento/convencionais?tipo=2&documentos=1558015;http://www.snirh.gov.br/hidroweb/rest/api/documento/convencionais?tipo=3&documentos=1558015;-58.72169999999994;-15.023099999999943
6 - RIO PARANÁ;;MT;ARENÁPOLIS;ANA;CPRM;CPRM-GO;22;Pluviométrica;1456001;ARENÁPOLIS (CANAÃ);-14.4694;-56.85;;Sim;Não;Não;Não;Não;Não;Não;Sim;Não;Não;Não;Sim;Não;Não;Não;Não;;Não;Não;Não;;;;;;31/7/1971;;;;;http://www.snirh.gov.br/hidroweb/serieshistoricas?codigoEstacao=1456001;http://www.snirh.gov.br/hidroweb/rest/api/documento/convencionais?tipo=1&documentos=1456001;http://www.snirh.gov.br/hidroweb/rest/api/documento/convencionais?tipo=2&documentos=1456001;http://www.snirh.gov.br/hidroweb/rest/api/documento/convencionais?tipo=3&documentos=1456001;-56.849999999999966;-14.46939999999995
6 - RIO PARANÁ;;MT;ARENÁPOLIS;CEMADEN;CEMADEN;;;Pluviométrica;1456018;ARENÁPOLIS_Secretaria Mun. de Assitencia Social;-14.4644;-56.8414;;Sim;Não;Não;Não;Não;Não;Sim;Sim;Não;Não;Não;Não;Não;Não;Não;Não;;Não;Não;Não;;;;;;31/12/2013;;;;31/12/2013;http://www.snirh.gov.br/hidroweb/serieshistoricas?codigoEstacao=1456018;http://www.snirh.gov.br/hidroweb/rest/api/documento/convencionais?tipo=1&documentos=1456018;http://www.snirh.gov.br/hidroweb/rest/api/documento/convencionais?tipo=2&documentos=1456018;http://www.snirh.gov.br/hidroweb/rest/api/documento/convencionais?tipo=3&documentos=1456018;-56.841399999999965;-14.464399999999955
6 - RIO PARANÁ;;MT;BARÃO DE MELGAÇO;ANA;CPRM;CPRM-GO;24;Pluviométrica;1756001;SÃO JOSÉ DO PIQUIRI;-17.2914;-56.3847;;Sim;Não;Não;Não;Não;Não;Sim;Sim;Não;Não;Não;Sim;Não;Não;Não;Não;;Não;Não;Não;;;;;;28/2/1969;;;;30/4/2013;http://www.snirh.gov.br/hidroweb/serieshistoricas?codigoEstacao=1756001;http://www.snirh.gov.br/hidroweb/rest/api/documento/convencionais?tipo=1&documentos=1756001;http://www.snirh.gov.br/hidroweb/rest/api/documento/convencionais?tipo=2&documentos=1756001;http://www.snirh.gov.br/hidroweb/rest/api/documento/convencionais?tipo=3&documentos=1756001;-56.38469999999995;-17.291399999999953
6 - RIO PARANÁ;;MT;BARÃO DE MELGAÇO;ANA;CPRM;CPRM-GO;24;Pluviométrica;1756000;ILHA CAMARGO;-17.0572;-56.5856;;Sim;Não;Não;Não;Não;Não;Não;Sim;Não;Não;Não;Sim;Não;Não;Não;Não;;Não;Não;Não;;;;;;31/1/1968;;;;31/12/2011;http://www.snirh.gov.br/hidroweb/serieshistoricas?codigoEstacao=1756000;http://www.snirh.gov.br/hidroweb/rest/api/documento/convencionais?tipo=1&documentos=1756000;http://www.snirh.gov.br/hidroweb/rest/api/documento/convencionais?tipo=2&documentos=1756000;http://www.snirh.gov.br/hidroweb/rest/api/documento/convencionais?tipo=3&documentos=1756000;-56.58559999999994;-17.057199999999966
6 - RIO PARANÁ;;MT;BARÃO DE MELGAÇO;ANA;CPRM;CPRM-GO;24;Pluviométrica;1755003;SÃO JERÔNIMO;-17.2017;-56.0086;;Sim;Não;Não;Não;Não;Não;Sim;Sim;Não;Não;Não;Sim;Não;Não;Não;Não;;Não;Não;Não;;;;;;31/7/1971;;;;31/8/1996;http://www.snirh.gov.br/hidroweb/serieshistoricas?codigoEstacao=1755003;http://www.snirh.gov.br/hidroweb/rest/api/documento/convencionais?tipo=1&documentos=1755003;http://www.snirh.gov.br/hidroweb/rest/api/documento/convencionais?tipo=2&documentos=1755003;http://www.snirh.gov.br/hidroweb/rest/api/documento/convencionais?tipo=3&documentos=1755003;-56.008599999999944;-17.20169999999996
6 - RIO PARANÁ;;MT;BARÃO DE MELGAÇO;ANA;CPRM;CPRM-GO;24;Pluviométrica;1656003;SÃO JOSÉ DO BORIRÉU;-16.9211;-56.2236;;Sim;Não;Não;Não;Não;Não;Não;Sim;Não;Não;Não;Sim;Não;Não;Não;Não;;Não;Não;Não;;;;;;30/9/1968;;;;;http://www.snirh.gov.br/hidroweb/serieshistoricas?codigoEstacao=1656003;http://www.snirh.gov.br/hidroweb/rest/api/documento/convencionais?tipo=1&documentos=1656003;http://www.snirh.gov.br/hidroweb/rest/api/documento/convencionais?tipo=2&documentos=1656003;http://www.snirh.gov.br/hidroweb/rest/api/documento/convencionais?tipo=3&documentos=1656003;-56.223599999999976;-16.921099999999967
6 - RIO PARANÁ;;MT;BARÃO DE MELGAÇO;ANA;CPRM;CPRM-GO;18;Pluviométrica;1655004;SANTA LÚCIA;-16.8939;-55.9072;;Sim;Não;Não;Não;Não;Não;Não;Sim;Não;Não;Não;Sim;Não;Não;Não;Não;;Não;Não;Não;;;;;;31/12/1968;;;;;http://www.snirh.gov.br/hidroweb/serieshistoricas?codigoEstacao=1655004;http://www.snirh.gov.br/hidroweb/rest/api/documento/convencionais?tipo=1&documentos=1655004;http://www.snirh.gov.br/hidroweb/rest/api/documento/convencionais?tipo=2&documentos=1655004;http://www.snirh.gov.br/hidroweb/rest/api/documento/convencionais?tipo=3&documentos=1655004;-55.90719999999993;-16.893899999999974
6 - RIO PARANÁ;;MT;BARÃO DE MELGAÇO;ANA;CPRM;CPRM-GO;19;Pluviométrica;1655002;BARÃO DE MELGAÇO;-16.1936;-55.9453;;Sim;Não;Não;Não;Não;Não;Sim;Sim;Não;Não;Não;Sim;Não;Não;Não;Não;;Não;Não;Não;;;;;;30/6/1968;;;;31/10/2011;http://www.snirh.gov.br/hidroweb/serieshistoricas?codigoEstacao=1655002;http://www.snirh.gov.br/hidroweb/rest/api/documento/convencionais?tipo=1&documentos=1655002;http://www.snirh.gov.br/hidroweb/rest/api/documento/convencionais?tipo=2&documentos=1655002;http://www.snirh.gov.br/hidroweb/rest/api/documento/convencionais?tipo=3&documentos=1655002;-55.945299999999975;-16.193599999999947
6 - RIO PARANÁ;;MT;BARÃO DE MELGAÇO;ANA;CPRM;CPRM-GO;19;Pluviométrica;1655000;BAIA NOVA;-16.3561;-55.5864;;Sim;Não;Não;Não;Não;Não;Não;Sim;Não;Não;Não;Sim;Não;Não;Não;Não;;Não;Não;Não;;;;;;31/10/1968;31/10/1968;;;;http://www.snirh.gov.br/hidroweb/serieshistoricas?codigoEstacao=1655000;http://www.snirh.gov.br/hidroweb/rest/api/documento/convencionais?tipo=1&documentos=1655000;http://www.snirh.gov.br/hidroweb/rest/api/documento/convencionais?tipo=2&documentos=1655000;http://www.snirh.gov.br/hidroweb/rest/api/documento/convencionais?tipo=3&documentos=1655000;-55.58639999999997;-16.35609999999997
6 - RIO PARANÁ;;MT;BARÃO DE MELGAÇO;CEMADEN;CEMADEN;;;Pluviométrica;1655006;BARÃO DE MELGAÇO_Estação de Tratamento de Água;-16.1917;-55.9653;;Sim;Não;Não;Não;Não;Não;Sim;Sim;Não;Não;Não;Não;Não;Não;Não;Não;;Não;Não;Não;;;;;;31/12/2013;;;;31/12/2013;http://www.snirh.gov.br/hidroweb/serieshistoricas?codigoEstacao=1655006;http://www.snirh.gov.br/hidroweb/rest/api/documento/convencionais?tipo=1&documentos=1655006;http://www.snirh.gov.br/hidroweb/rest/api/documento/convencionais?tipo=2&documentos=1655006;http://www.snirh.gov.br/hidroweb/rest/api/documento/convencionais?tipo=3&documentos=1655006;-55.96529999999996;-16.19169999999997
6 - RIO PARANÁ;;MT;BARRA DO BUGRES;ANA;CPRM;CPRM-GO;19;Pluviométrica;1557001;BARRA DO BUGRES;-15.0767;-57.1825;;Sim;Não;Não;Não;Não;Não;Sim;Sim;Sim;Não;Não;Sim;Não;Não;Não;Não;;Não;Não;Não;;;;;;31/10/1968;31/5/1996;;;31/5/1996;http://www.snirh.gov.br/hidroweb/serieshistoricas?codigoEstacao=1557001;http://www.snirh.gov.br/hidroweb/rest/api/documento/convencionais?tipo=1&documentos=1557001;http://www.snirh.gov.br/hidroweb/rest/api/documento/convencionais?tipo=2&documentos=1557001;http://www.snirh.gov.br/hidroweb/rest/api/documento/convencionais?tipo=3&documentos=1557001;-57.18249999999995;-15.07669999999996
6 - RIO PARANÁ;;MT;BARRA DO BUGRES;ANA;CPRM;CPRM-GO;21;Pluviométrica;1457001;TANGARÁ DA SERRA;-14.6322;-57.4686;;Sim;Não;Não;Não;Não;Não;Não;Sim;Não;Não;Não;Sim;Não;Não;Não;Não;;Não;Não;Não;;;;;;31/5/1969;;;;;http://www.snirh.gov.br/hidroweb/serieshistoricas?codigoEstacao=1457001;http://www.snirh.gov.br/hidroweb/rest/api/documento/convencionais?tipo=1&documentos=1457001;http://www.snirh.gov.br/hidroweb/rest/api/documento/convencionais?tipo=2&documentos=1457001;http://www.snirh.gov.br/hidroweb/rest/api/documento/convencionais?tipo=3&documentos=1457001;-57.46859999999998;-14.632199999999955
6 - RIO PARANÁ;;MT;CÁCERES;INMET;INMET;;;Pluviométrica;1657000;CÁCERES;-16.05;-57.6833;;Sim;Não;Não;Não;Não;Não;Não;Sim;Sim;Sim;Sim;Não;Não;Não;Não;Não;Sim;Não;Não;Não;;;;;;31/12/1911;31/12/1911;31/7/1977;31/12/1911;;http://www.snirh.gov.br/hidroweb/serieshistoricas?codigoEstacao=1657000;http://www.snirh.gov.br/hidroweb/rest/api/documento/convencionais?tipo=1&documentos=1657000;http://www.snirh.gov.br/hidroweb/rest/api/documento/convencionais?tipo=2&documentos=1657000;http://www.snirh.gov.br/hidroweb/rest/api/documento/convencionais?tipo=3&documentos=1657000;-57.683299999999974;-16.049999999999955
6 - RIO PARANÁ;;MT;CÁCERES;ANA;CPRM;CPRM-GO;20;Pluviométrica;1658000;DESTACAMENTO DA CORIXA;-16.3944;-58.3389;;Sim;Não;Não;Não;Não;Não;Não;Sim;Não;Não;Não;Sim;Não;Não;Não;Não;;Não;Não;Não;;;;;;31/7/1968;;;;;http://www.snirh.gov.br/hidroweb/serieshistoricas?codigoEstacao=1658000;http://www.snirh.gov.br/hidroweb/rest/api/documento/convencionais?tipo=1&documentos=1658000;http://www.snirh.gov.br/hidroweb/rest/api/documento/convencionais?tipo=2&documentos=1658000;http://www.snirh.gov.br/hidroweb/rest/api/documento/convencionais?tipo=3&documentos=1658000;-58.33889999999997;-16.394399999999962
6 - RIO PARANÁ;;MT;CÁCERES;ANA;CPRM;CPRM-GO;20;Pluviométrica;1657004;FLECHAS;-16.0392;-57.2575;;Sim;Não;Não;Não;Não;Não;Não;Sim;Sim;Não;Não;Sim;Não;Não;Não;Não;;Não;Não;Não;;;;;;30/9/1968;30/9/1968;;;;http://www.snirh.gov.br/hidroweb/serieshistoricas?codigoEstacao=1657004;http://www.snirh.gov.br/hidroweb/rest/api/documento/convencionais?tipo=1&documentos=1657004;http://www.snirh.gov.br/hidroweb/rest/api/documento/convencionais?tipo=2&documentos=1657004;http://www.snirh.gov.br/hidroweb/rest/api/documento/convencionais?tipo=3&documentos=1657004;-57.257499999999936;-16.039199999999937
6 - RIO PARANÁ;;MT;CÁCERES;ANA;CPRM;CPRM-GO;20;Pluviométrica;1657003;CÁCERES (DNPVN);-16.0817;-57.6942;;Sim;Não;Não;Não;Não;Não;Sim;Sim;Sim;Não;Não;Sim;Não;Não;Não;Não;;Não;Não;Não;;;;;;30/9/1968;30/4/1996;31/8/1996;;30/4/1996;http://www.snirh.gov.br/hidroweb/serieshistoricas?codigoEstacao=1657003;http://www.snirh.gov.br/hidroweb/rest/api/documento/convencionais?tipo=1&documentos=1657003;http://www.snirh.gov.br/hidroweb/rest/api/documento/convencionais?tipo=2&documentos=1657003;http://www.snirh.gov.br/hidroweb/rest/api/documento/convencionais?tipo=3&documentos=1657003;-57.69419999999997;-16.081699999999955
6 - RIO PARANÁ;;MT;CÁCERES;ANA;CPRM;CPRM-GO;20;Pluviométrica;1657002;DESCALVADOS;-16.7336;-57.7503;;Sim;Não;Não;Não;Não;Não;Não;Sim;Não;Não;Não;Sim;Não;Não;Não;Não;;Não;Não;Não;;;;;;30/11/1967;;;;;http://www.snirh.gov.br/hidroweb/serieshistoricas?codigoEstacao=1657002;http://www.snirh.gov.br/hidroweb/rest/api/documento/convencionais?tipo=1&documentos=1657002;http://www.snirh.gov.br/hidroweb/rest/api/documento/convencionais?tipo=2&documentos=1657002;http://www.snirh.gov.br/hidroweb/rest/api/documento/convencionais?tipo=3&documentos=1657002;-57.75029999999998;-16.733599999999967
6 - RIO PARANÁ;;MT;CÁCERES;SEMA-MT;HYDROCONSULT;;;Pluviométrica;1557007;ESTRADA MT-125;-15.4686;-57.8936;;Sim;Não;Não;Não;Não;Não;Sim;Sim;Não;Não;Não;Não;Não;Não;Não;Não;;Não;Não;Não;;;;;;30/9/2011;;;;30/9/2011;http://www.snirh.gov.br/hidroweb/serieshistoricas?codigoEstacao=1557007;http://www.snirh.gov.br/hidroweb/rest/api/documento/convencionais?tipo=1&documentos=1557007;http://www.snirh.gov.br/hidroweb/rest/api/documento/convencionais?tipo=2&documentos=1557007;http://www.snirh.gov.br/hidroweb/rest/api/documento/convencionais?tipo=3&documentos=1557007;-57.893599999999935;-15.46859999999998
6 - RIO PARANÁ;;MT;CÁCERES;CEMADEN;CEMADEN;;;Pluviométrica;1657007;CACERES_Escola Mun. Prof. Eduardo B. Lindote;-16.0997;-57.7096;;Sim;Não;Não;Não;Não;Não;Sim;Sim;Não;Não;Não;Não;Não;Não;Não;Não;;Não;Não;Não;;;;;;31/12/2013;;;;31/12/2013;http://www.snirh.gov.br/hidroweb/serieshistoricas?codigoEstacao=1657007;http://www.snirh.gov.br/hidroweb/rest/api/documento/convencionais?tipo=1&documentos=1657007;http://www.snirh.gov.br/hidroweb/rest/api/documento/convencionais?tipo=2&documentos=1657007;http://www.snirh.gov.br/hidroweb/rest/api/documento/convencionais?tipo=3&documentos=1657007;-57.709599999999966;-16.099699999999928
6 - RIO PARANÁ;;MT;CHAPADA DOS GUIMARÃES;FURNAS;FURNAS;;;Pluviométrica;1556013;MT-351 / SOBERBO;-15.1933;-56.0003;;Sim;Não;Não;Não;Não;Não;Não;Sim;Não;Não;Não;Não;Sim;Não;Não;Não;;Não;Não;Não;;;;;;31/10/2003;;;;;http://www.snirh.gov.br/hidroweb/serieshistoricas?codigoEstacao=1556013;http://www.snirh.gov.br/hidroweb/rest/api/documento/convencionais?tipo=1&documentos=1556013;http://www.snirh.gov.br/hidroweb/rest/api/documento/convencionais?tipo=2&documentos=1556013;http://www.snirh.gov.br/hidroweb/rest/api/documento/convencionais?tipo=3&documentos=1556013;-56.00029999999998;-15.193299999999965
6 - RIO PARANÁ;;MT;CHAPADA DOS GUIMARÃES;FURNAS;FURNAS;;1;Pluviométrica;1555007;USINA CASCA III PR2;-15.3656;-55.4369;;Sim;Não;Não;Não;Não;Não;Não;Sim;Não;Não;Não;Não;Sim;Não;Não;Não;;Não;Não;Não;;;;;;30/9/1982;;;;;http://www.snirh.gov.br/hidroweb/serieshistoricas?codigoEstacao=1555007;http://www.snirh.gov.br/hidroweb/rest/api/documento/convencionais?tipo=1&documentos=1555007;http://www.snirh.gov.br/hidroweb/rest/api/documento/convencionais?tipo=2&documentos=1555007;http://www.snirh.gov.br/hidroweb/rest/api/documento/convencionais?tipo=3&documentos=1555007;-55.43689999999998;-15.365599999999972
6 - RIO PARANÁ;;MT;CHAPADA DOS GUIMARÃES;FURNAS;FURNAS;;1;Pluviométrica;1555001;CHAPADA DOS GUIMARÃES;-15.4689;-55.7289;;Sim;Não;Não;Não;Não;Não;Não;Sim;Não;Não;Não;Não;Sim;Não;Não;Não;;Não;Não;Não;;;;;;30/6/1968;;;;;http://www.snirh.gov.br/hidroweb/serieshistoricas?codigoEstacao=1555001;http://www.snirh.gov.br/hidroweb/rest/api/documento/convencionais?tipo=1&documentos=1555001;http://www.snirh.gov.br/hidroweb/rest/api/documento/convencionais?tipo=2&documentos=1555001;http://www.snirh.gov.br/hidroweb/rest/api/documento/convencionais?tipo=3&documentos=1555001;-55.72889999999995;-15.468899999999962
6 - RIO PARANÁ;;MT;CHAPADA DOS GUIMARÃES;ANA;CPRM;CPRM-GO;19;Pluviométrica;1555008;FAZENDA ESTIVA PR3;-15.2328;-55.7411;;Sim;Não;Não;Não;Não;Não;Não;Sim;Não;Não;Não;Sim;Não;Não;Não;Não;;Não;Não;Não;;;;;;30/9/1982;;;;;http://www.snirh.gov.br/hidroweb/serieshistoricas?codigoEstacao=1555008;http://www.snirh.gov.br/hidroweb/rest/api/documento/convencionais?tipo=1&documentos=1555008;http://www.snirh.gov.br/hidroweb/rest/api/documento/convencionais?tipo=2&documentos=1555008;http://www.snirh.gov.br/hidroweb/rest/api/documento/convencionais?tipo=3&documentos=1555008;-55.74109999999996;-15.23279999999994
6 - RIO PARANÁ;;MT;CHAPADA DOS GUIMARÃES;CONS.MANSO;CONS.MANSO;;;Pluviométrica;1555011;UHE MANSO RIO RONCADOR;-15.0919;-55.4417;;Sim;Não;Não;Não;Não;Não;Sim;Sim;Não;Não;Não;Não;Sim;Não;Não;Não;;Não;Não;Não;;;;;;30/9/2008;;;;30/9/2008;http://www.snirh.gov.br/hidroweb/serieshistoricas?codigoEstacao=1555011;http://www.snirh.gov.br/hidroweb/rest/api/documento/convencionais?tipo=1&documentos=1555011;http://www.snirh.gov.br/hidroweb/rest/api/documento/convencionais?tipo=2&documentos=1555011;http://www.snirh.gov.br/hidroweb/rest/api/documento/convencionais?tipo=3&documentos=1555011;-55.44169999999997;-15.091899999999953
6 - RIO PARANÁ;;MT;CHAPADA DOS GUIMARÃES;CONS.MANSO;CONS.MANSO;;;Pluviométrica;1555010;UHE MANSO RIO QUILOMBO;-15.2136;-55.6411;;Sim;Não;Não;Não;Não;Não;Sim;Sim;Não;Não;Não;Não;Sim;Não;Não;Não;;Não;Não;Não;;;;;;30/9/2008;;;;30/9/2008;http://www.snirh.gov.br/hidroweb/serieshistoricas?codigoEstacao=1555010;http://www.snirh.gov.br/hidroweb/rest/api/documento/convencionais?tipo=1&documentos=1555010;http://www.snirh.gov.br/hidroweb/rest/api/documento/convencionais?tipo=2&documentos=1555010;http://www.snirh.gov.br/hidroweb/rest/api/documento/convencionais?tipo=3&documentos=1555010;-55.64109999999994;-15.213599999999929
6 - RIO PARANÁ;;MT;CHAPADA DOS GUIMARÃES;CONS.MANSO;CONS.MANSO;;1;Pluviométrica;1455013;UHE MANSO MET;-14.8614;-55.7894;;Sim;Não;Não;Não;Não;Não;Sim;Sim;Não;Não;Não;Não;Sim;Não;Não;Não;;Não;Não;Não;;;;;;30/9/2011;;;;30/9/2011;http://www.snirh.gov.br/hidroweb/serieshistoricas?codigoEstacao=1455013;http://www.snirh.gov.br/hidroweb/rest/api/documento/convencionais?tipo=1&documentos=1455013;http://www.snirh.gov.br/hidroweb/rest/api/documento/convencionais?tipo=2&documentos=1455013;http://www.snirh.gov.br/hidroweb/rest/api/documento/convencionais?tipo=3&documentos=1455013;-55.789399999999944;-14.861399999999946
6 - RIO PARANÁ;;MT;CHAPADA DOS GUIMARÃES;CONS.MANSO;CONS.MANSO;;;Pluviométrica;1455004;UHE MANSO MONTANTE;-14.81;-55.2764;;Sim;Não;Não;Não;Não;Não;Sim;Sim;Não;Não;Não;Não;Sim;Não;Não;Não;;Não;Não;Não;;;;;;30/9/2008;;;;30/9/2008;http://www.snirh.gov.br/hidroweb/serieshistoricas?codigoEstacao=1455004;http://www.snirh.gov.br/hidroweb/rest/api/documento/convencionais?tipo=1&documentos=1455004;http://www.snirh.gov.br/hidroweb/rest/api/documento/convencionais?tipo=2&documentos=1455004;http://www.snirh.gov.br/hidroweb/rest/api/documento/convencionais?tipo=3&documentos=1455004;-55.27639999999997;-14.809999999999945
6 - RIO PARANÁ;;MT;CHAPADA DOS GUIMARÃES;APIACÁS;APIACÁS;;1;Pluviométrica;1555017;PCH CASCA II MONTANTE 3;-15.5175;-55.4028;;Sim;Não;Não;Não;Não;Não;Sim;Sim;Não;Não;Não;Não;Sim;Não;Não;Não;;Não;Não;Não;;;;;;30/9/2013;;;;30/9/2013;http://www.snirh.gov.br/hidroweb/serieshistoricas?codigoEstacao=1555017;http://www.snirh.gov.br/hidroweb/rest/api/documento/convencionais?tipo=1&documentos=1555017;http://www.snirh.gov.br/hidroweb/rest/api/documento/convencionais?tipo=2&documentos=1555017;http://www.snirh.gov.br/hidroweb/rest/api/documento/convencionais?tipo=3&documentos=1555017;-55.40279999999996;-15.517499999999927
6 - RIO PARANÁ;;MT;CHAPADA DOS GUIMARÃES;APIACÁS;APIACÁS;;;Pluviométrica;1555016;PCH CASCA II MONTANTE 2;-15.3567;-55.3983;;Sim;Não;Não;Não;Não;Não;Sim;Sim;Não;Não;Não;Não;Sim;Não;Não;Não;;Não;Não;Não;;;;;;30/9/2013;;;;30/9/2013;http://www.snirh.gov.br/hidroweb/serieshistoricas?codigoEstacao=1555016;http://www.snirh.gov.br/hidroweb/rest/api/documento/convencionais?tipo=1&documentos=1555016;http://www.snirh.gov.br/hidroweb/rest/api/documento/convencionais?tipo=2&documentos=1555016;http://www.snirh.gov.br/hidroweb/rest/api/documento/convencionais?tipo=3&documentos=1555016;-55.39829999999995;-15.356699999999933
6 - RIO PARANÁ;;MT;CHAPADA DOS GUIMARÃES;APIACÁS;APIACÁS;;;Pluviométrica;1555015;PCH CASCA III JUSANTE;-15.3422;-55.4611;;Sim;Não;Não;Não;Não;Não;Sim;Sim;Não;Não;Não;Não;Sim;Não;Não;Não;;Não;Não;Não;;;;;;30/9/2013;;;;30/9/2013;http://www.snirh.gov.br/hidroweb/serieshistoricas?codigoEstacao=1555015;http://www.snirh.gov.br/hidroweb/rest/api/documento/convencionais?tipo=1&documentos=1555015;http://www.snirh.gov.br/hidroweb/rest/api/documento/convencionais?tipo=2&documentos=1555015;http://www.snirh.gov.br/hidroweb/rest/api/documento/convencionais?tipo=3&documentos=1555015;-55.46109999999993;-15.342199999999934
6 - RIO PARANÁ;;MT;CHAPADA DOS GUIMARÃES;APIACÁS;APIACÁS;;1;Pluviométrica;1555013;PCH CASCA II MONTANTE 1;-15.3667;-55.45;;Sim;Não;Não;Não;Não;Não;Sim;Sim;Não;Não;Não;Não;Sim;Não;Não;Não;;Não;Não;Não;;;;;;30/9/2013;;;;30/9/2013;http://www.snirh.gov.br/hidroweb/serieshistoricas?codigoEstacao=1555013;http://www.snirh.gov.br/hidroweb/rest/api/documento/convencionais?tipo=1&documentos=1555013;http://www.snirh.gov.br/hidroweb/rest/api/documento/convencionais?tipo=2&documentos=1555013;http://www.snirh.gov.br/hidroweb/rest/api/documento/convencionais?tipo=3&documentos=1555013;-55.44999999999993;-15.36669999999998
6 - RIO PARANÁ;;MT;CHAPADA DOS GUIMARÃES;CEMADEN;CEMADEN;;;Pluviométrica;1555022;CHAPADA DOS GUIMARAES_Hospital Municipal;-15.4643;-55.7373;;Sim;Não;Não;Não;Não;Não;Sim;Sim;Não;Não;Não;Não;Não;Não;Não;Não;;Não;Não;Não;;;;;;31/12/2013;;;;31/12/2013;http://www.snirh.gov.br/hidroweb/serieshistoricas?codigoEstacao=1555022;http://www.snirh.gov.br/hidroweb/rest/api/documento/convencionais?tipo=1&documentos=1555022;http://www.snirh.gov.br/hidroweb/rest/api/documento/convencionais?tipo=2&documentos=1555022;http://www.snirh.gov.br/hidroweb/rest/api/documento/convencionais?tipo=3&documentos=1555022;-55.73729999999995;-15.46429999999998
6 - RIO PARANÁ;;MT;CUIABÁ;INMET;INMET;;;Pluviométrica;1556002;CUIABÁ;-15.6217;-56.1083;;Sim;Não;Não;Não;Não;Não;Sim;Sim;Sim;Sim;Sim;Não;Não;Não;Não;Não;Sim;Não;Não;Não;;;;;;31/12/1910;31/7/1978;31/7/1978;31/12/1910;30/11/2002;http://www.snirh.gov.br/hidroweb/serieshistoricas?codigoEstacao=1556002;http://www.snirh.gov.br/hidroweb/rest/api/documento/convencionais?tipo=1&documentos=1556002;http://www.snirh.gov.br/hidroweb/rest/api/documento/convencionais?tipo=2&documentos=1556002;http://www.snirh.gov.br/hidroweb/rest/api/documento/convencionais?tipo=3&documentos=1556002;-56.108299999999986;-15.621699999999976
6 - RIO PARANÁ;;MT;CUIABÁ;DEPV;DEPV;;;Pluviométrica;1556004;CUIABÁ;-15.6333;-56.1;;Sim;Não;Não;Não;Não;Não;Não;Sim;Sim;Sim;Sim;Não;Não;Não;Não;Não;;Não;Não;Não;;;;;;30/4/1963;30/4/1963;30/4/1963;30/4/1963;;http://www.snirh.gov.br/hidroweb/serieshistoricas?codigoEstacao=1556004;http://www.snirh.gov.br/hidroweb/rest/api/documento/convencionais?tipo=1&documentos=1556004;http://www.snirh.gov.br/hidroweb/rest/api/documento/convencionais?tipo=2&documentos=1556004;http://www.snirh.gov.br/hidroweb/rest/api/documento/convencionais?tipo=3&documentos=1556004;-56.099999999999966;-15.633299999999963
6 - RIO PARANÁ;;MT;CUIABÁ;FURNAS;FURNAS;;1;Pluviométrica;1556015;CUIABÁ;-15.6217;-56.1083;;Sim;Não;Não;Não;Não;Não;Sim;Não;Não;Não;Não;Não;Sim;Não;Não;Não;;Não;Não;Não;;;;;;;;;;30/4/1996;http://www.snirh.gov.br/hidroweb/serieshistoricas?codigoEstacao=1556015;http://www.snirh.gov.br/hidroweb/rest/api/documento/convencionais?tipo=1&documentos=1556015;http://www.snirh.gov.br/hidroweb/rest/api/documento/convencionais?tipo=2&documentos=1556015;http://www.snirh.gov.br/hidroweb/rest/api/documento/convencionais?tipo=3&documentos=1556015;-56.108299999999986;-15.621699999999976
6 - RIO PARANÁ;;MT;CUIABÁ;ANA;CPRM;CPRM-GO;19;Pluviométrica;1556000;NOSSA SENHORA DA GUIA;-15.355;-56.2317;;Sim;Não;Não;Não;Não;Não;Não;Sim;Não;Não;Não;Sim;Não;Não;Não;Não;;Não;Não;Não;;;;;;28/2/1971;;;;;http://www.snirh.gov.br/hidroweb/serieshistoricas?codigoEstacao=1556000;http://www.snirh.gov.br/hidroweb/rest/api/documento/convencionais?tipo=1&documentos=1556000;http://www.snirh.gov.br/hidroweb/rest/api/documento/convencionais?tipo=2&documentos=1556000;http://www.snirh.gov.br/hidroweb/rest/api/documento/convencionais?tipo=3&documentos=1556000;-56.23169999999993;-15.354999999999961
6 - RIO PARANÁ;;MT;CUIABÁ;SEMA-MT;SEMA-MT;;;Pluviométrica;1556016;RIO COXIPÓ - AABB;-15.6175;-56.0511;;Sim;Não;Não;Não;Não;Não;Sim;Sim;Não;Não;Não;Não;Não;Não;Não;Não;;Não;Não;Não;;;;;;30/4/2013;;;;30/4/2013;http://www.snirh.gov.br/hidroweb/serieshistoricas?codigoEstacao=1556016;http://www.snirh.gov.br/hidroweb/rest/api/documento/convencionais?tipo=1&documentos=1556016;http://www.snirh.gov.br/hidroweb/rest/api/documento/convencionais?tipo=2&documentos=1556016;http://www.snirh.gov.br/hidroweb/rest/api/documento/convencionais?tipo=3&documentos=1556016;-56.05109999999996;-15.61749999999995
6 - RIO PARANÁ;;MT;CUIABÁ;CEMADEN;CEMADEN;;;Pluviométrica;1556018;CUIABA_Sede da Prefeitura Municipal;-15.5963;-56.0959;;Sim;Não;Não;Não;Não;Não;Sim;Sim;Não;Não;Não;Não;Não;Não;Não;Não;;Não;Não;Não;;;;;;31/12/2013;;;;31/12/2013;http://www.snirh.gov.br/hidroweb/serieshistoricas?codigoEstacao=1556018;http://www.snirh.gov.br/hidroweb/rest/api/documento/convencionais?tipo=1&documentos=1556018;http://www.snirh.gov.br/hidroweb/rest/api/documento/convencionais?tipo=2&documentos=1556018;http://www.snirh.gov.br/hidroweb/rest/api/documento/convencionais?tipo=3&documentos=1556018;-56.09589999999997;-15.596299999999928
6 - RIO PARANÁ;;MT;CUIABÁ;CEMADEN;CEMADEN;;;Pluviométrica;1556017;CUIABA_Centro de Saúde;-15.6479;-56.0451;;Sim;Não;Não;Não;Não;Não;Sim;Sim;Não;Não;Não;Não;Não;Não;Não;Não;;Não;Não;Não;;;;;;31/12/2013;;;;31/12/2013;http://www.snirh.gov.br/hidroweb/serieshistoricas?codigoEstacao=1556017;http://www.snirh.gov.br/hidroweb/rest/api/documento/convencionais?tipo=1&documentos=1556017;http://www.snirh.gov.br/hidroweb/rest/api/documento/convencionais?tipo=2&documentos=1556017;http://www.snirh.gov.br/hidroweb/rest/api/documento/convencionais?tipo=3&documentos=1556017;-56.045099999999934;-15.647899999999936
6 - RIO PARANÁ;;MT;CUIABÁ;CEMADEN;CEMADEN;;;Pluviométrica;1555023;CUIABA_CME Infantil Leonel de Moura Brizola;-15.6146;-55.9905;;Sim;Não;Não;Não;Não;Não;Sim;Sim;Não;Não;Não;Não;Não;Não;Não;Não;;Não;Não;Não;;;;;;31/12/2013;;;;31/12/2013;http://www.snirh.gov.br/hidroweb/serieshistoricas?codigoEstacao=1555023;http://www.snirh.gov.br/hidroweb/rest/api/documento/convencionais?tipo=1&documentos=1555023;http://www.snirh.gov.br/hidroweb/rest/api/documento/convencionais?tipo=2&documentos=1555023;http://www.snirh.gov.br/hidroweb/rest/api/documento/convencionais?tipo=3&documentos=1555023;-55.99049999999994;-15.614599999999939
